id,name,address,postal,lat,lng,phone,email,hours,url,n_catchment_postcodes
0ADC241FD9EC43449EC2752B46293D4C,4S Active Ageing Centre @ Eunos Crescent,"3 Eunos Crescent, #01-2585, Singapore 400003",400003,1.320662,103.903156,67421321,4saac_eunos@4s.org.sg,Mon - Fri: 8.00am - 6.00pm; Sat: 9.00am - 1.00pm,https://www.4s.org.sg,121
0068A4EF7CF04291B019E02529832095,AWWA Active Ageing Centre,"123 Ang Mo Kio Avenue 6, #01-4011, Singapore 560123",560123,1.370456,103.8446723,65116690,contactus@awwa.org.sg,Mon - Fri: 8.30am - 5.30pm; Weekends &amp; public holidays: closed,https://www.awwa.org.sg/our-services/seniors/active-ageing-centre/,298
1F4E4882FAA0434DB01F70B078EF6704,Active Ageing Centre (Care) @ Teck Whye Vista,"153 Jalan Teck Whye, 03-151, Singapore 680153",680153,1.3790081,103.7587256,90936887,senior@reach.org.sg,Mon - Wed &amp; Fri: 9.00am - 5.30pm; Thu: 1.30pm - 5.30pm; Weekends &amp; public holidays: closed,https://reach.org.sg/,40
0568CFC1799743FD993B0742394BFD0F,Active Ageing Centre @ Bukit Batok East,"288D Bukit Batok Street 25, Nature View, 01-40, Singapore 653288",653288,1.345891,103.759097,,fy-beaac@fycs.org,"Mon - Fri: 9.30am - 12.30pm, 2.00pm - 5.30pm; Weekends &amp; public holidays: closed",https://fycs.org/active-ageing-centres/,297
7525FB25161E4F34B9CABC2CC1D27550,Active Global @ Fernvale Glades,"461C Sengkang West Way, 01-143, Singapore 793461",793461,1.3941437,103.8709605,65360086,singapore@activeglobalcaregiver.com,Mon - Fri: 7.00am - 8.00pm; Weekends &amp; public holidays: 9.00am - 5.00pm,https://www.activeglobalcaregiver.sg/,657
D08704266E864785A1456978255835F2,Active Global Ghim Moh Active Ageing Centre (Care),"31A Ghim Moh Link, #01-11, Singapore 272031",272031,1.3093063,103.7842884,65360086,singapore@activeglobalcaregiver.com,Mon - Fri: 7.00am - 8.00pm; Weekends &amp; public holidays: 9.00am - 5.00pm,https://www.activeglobalcaregiver.sg/,936
5657352C32564794A5FAB670695BE50B,Active Global Telok Blangah Active Ageing Centre (Care),"92 Telok Blangah Street 31, 01-255, Singapore 100092",100092,1.2760612,103.8075363,65360086,singapore@activeglobalcaregiver.com,Mon - Fri: 7.00am - 8.00pm; Weekends &amp; public holidays: 9.00am - 5.00pm,https://www.activeglobalcaregiver.sg/,58
26EAA79EB2C648E9BE0B9AD56F07E6B0,Adventist Active Centre @ Golden Clover,"196 Kim Keat Avenue, #01-506, Singapore 310196",310196,1.3313074,103.8590851,92959518,gchong@adventistactive.sg,Mon - Fri: 8.30am - 6.00pm; Weekends &amp; public holidays: closed,https://www.adventisthome.org.sg,46
1A4A0CF3241A4C9D8239902FC9105673,Adventist Active Centre @ Golden Peony,"530A Jurong West Avenue 1, 01-907, Singapore 641530",641530,1.3480713,103.7154896,63345322,pzlin@adventistactive.sg,Mon - Fri: 8.30am - 6.00pm; Weekends &amp; public holidays: closed,https://www.adventisthome.org.sg,61
0D76FC92B4EB4B2BA52FC460890B21C3,Adventist Active Centre @ Kallang Trivista,"8 Upper Boon Keng Road, #01-02, Singapore 380008",380008,1.3130561,103.8703917,69044688,ctan@adventistactive.sg,Mon - Fri: 8.30am - 6.00pm; Weekends &amp; public holidays: closed,https://www.adventisthome.org.sg,258
C198D4A71B5548F8880F1A4818D766F0,Adventist Nursing and Rehabilitation Centre,"128 Pending Road, 01-328, Singapore 670128",670128,1.3760768,103.7696901,67600266,administrator@anrc.org.sg,Mon - Fri: 9.00am - 5.30pm; Weekends &amp; public holidays: closed,https://www.anrc.org.sg,50
2539276F12BD45DF83640CE6B67353A7,All Saints Silver Lifestyle Club @ Yishun Central,"2 Yishun Avenue 9, Yishun Polyclinic, #01-02, Singapore 768898",768898,1.4303842,103.8390594,80573022,enquiry@allsaintshome.org.sg,Mon - Fri: 9.00am - 6.00pm; Weekends &amp; public holidays: closed (See notes),http://allsaintshome.org.sg/,23
67F182CF89104F7F937BAB327AE86046,All Saints Silver Lifestyle Club @ Yishun Fern Grove,"674 Yishun Avenue 4, #01-11, Singapore 760674",760674,1.4201678,103.843148,80694699,enquiry@allsaintshome.org.sg,Mon - Fri: 9.00am - 6.00pm; Weekends &amp; public holidays: closed (See notes),http://allsaintshome.org.sg/,93
7DF105AA302A4064B336BC6ED5C48C06,Allkin Active Ageing Centre @ Ang Mo Kio 420,"420 Ang Mo Kio Ave 10, #01-1143, Singapore 560420",560420,1.364968,103.8530119,60384300,seniorservice@allkin.org.sg,Mon - Fri: 9.00am - 6.00pm; Weekends and public holidays: closed,https://www.allkin.org.sg/services/active-ageing-centres,87
A6340FB6F9C5449FB6897CD7F8D1549D,Allkin Active Ageing Centre @ Ang Mo Kio 420 - Branch,"469 Ang Mo Kio Ave 10, #01-940, Singapore 560469",560469,1.3645774,103.857088,60384310,seniorservice@allkin.org.sg,Mon - Fri: 9.00am - 6.00pm; Weekends and public holidays: closed,https://www.allkin.org.sg/services/active-ageing-centres,0
213F34415EEF4E2C94DCEFB49275B9CE,Allkin Active Ageing Centre @ Ang Mo Kio 510,"510 Ang Mo Kio Avenue 8, #01-2556, Singapore 560510",560510,1.3734149,103.8492068,60384380,seniorservice@allkin.org.sg,Mon - Fri: 9.00am - 6.00pm; Weekends &amp; public holidays: closed,https://www.allkin.org.sg/services/active-ageing-centres,885
C8FEEBCA0AFE491C8C22B7E9584CAE1B,Allkin Active Ageing Centre @ Pasir Ris 476A,"476A Pasir Ris Drive 6, #01-618, Singapore 511476",511476,1.3750869,103.9578205,60384360,seniorservice@allkin.org.sg,Mon - Fri: 9.00am - 6.00pm; Weekends &amp; public holidays: closed,https://www.allkin.org.sg/services/active-ageing-centres,273
2308101AB8D3423C8B669209DAC68526,Allkin Active Ageing Centre @ Punggol 206A,"206A Punggol Place, #01-2030, Singapore 821206",821206,1.3992117,103.9014471,60384350,seniorservice@allkin.org.sg,Mon - Fri: 9.00am - 6.00pm; Weekends &amp; public holidays: closed,https://www.allkin.org.sg/services/active-ageing-centres,109
BF11084A893B495F9F59453BBCDEB3DB,Allkin Active Ageing Centre @ Punggol 677B,"677B Punggol Drive, #01-774, Singapore 822677",822677,1.4053075,103.9095904,60384370,seniorservice@allkin.org.sg,Mon - Fri: 9.00am - 6.00pm; Weekends &amp; public holidays: closed,https://www.allkin.org.sg/services/active-ageing-centres,324
C4DA0C6046CE4F70A49A2A002979EF91,Allkin Active Ageing Centre @ Sengkang 139,"139 Rivervale Street, 01-764, Singapore 540139",540139,1.3888029,103.9045208,60384390,seniorservice@allkin.org.sg,Mon - Fri: 9.00am - 6.00pm; Weekends &amp; public holidays: closed,https://www.allkin.org.sg/services/active-ageing-centres,113
4E69229EAA814BC38F898C3537964397,Allkin Active Ageing Centre @ Sengkang 182,"182 Rivervale Crescent, #01-311, Singapore 540182",540182,1.390662,103.9091653,60384340,seniorservice@allkin.org.sg,Mon - Fri: 9.00am - 6.00pm; Weekends &amp; public holidays: closed,https://www.allkin.org.sg/services/active-ageing-centres,116
8EC60829B1914657BF72EA21901087E0,Allkin Active Ageing Centre @ Sin Ming 25,"25 Sin Ming Road, Sin Ming Ville, #01-88, Singapore 570025",570025,1.3548781,103.8377888,60384320,seniorservice@allkin.org.sg,Mon - Fri: 9.00am - 6.00pm; Weekends &amp; public holidays: closed,https://www.allkin.org.sg/services/active-ageing-centres,1440
B0ACDD744EB54CDCA03814828D5AC7E7,Allkin Active Ageing Centre @ Sin Ming 410,"410 Sin Ming Ave, #01-119, Singapore 570410",570410,1.3631671,103.8354073,60384330,seniorservice@allkin.org.sg,Mon - Fri: 9.00am - 6.00pm; Weekends &amp; public holidays: closed,https://www.allkin.org.sg/services/active-ageing-centres,807
B226DCC0B0074A19A1239302C8B69060,BCARE AAC @ Compassvale,"287A Compassvale Crescent, #01-151, Singapore 541287",541287,1.3983754,103.8958876,66100802,aac_admin@bcare.org.sg,Mon - Fri: 9.00am - 5.00pm; Sat: 8.30am - 12.30pm; Sun &amp; public holidays: closed,https://www.bcare.org.sg,208
5B7CA1FD4CBD4C829F30474EE3F6842A,Blossom Seeds Active Ageing Centre @ East Canberra,"105 Canberra Street, 02-01/06, Singapore 750105",750105,1.4488353,103.8323588,98156389,activities@blossomseeds.sg,Mon - Fri: 9.00am - 6.00pm; Weekends &amp; public holidays: closed,https://www.blossomseeds.sg/,1586
7D50EE2E4FAE4FB3B6802477C44E5B8E,Brahm Centre @ Macpherson,"55 Pipit Road, #01-01, Singapore 370055",370055,1.3237666,103.8881872,67411131,info@brahmcentre.com,Mon - Fri: 9.00am - 6.00pm; Sat: 9.00am - 5.00pm; Sun &amp; public holidays: closed,https://brahmcentre.com,18
1A532C15E6CA4A33A2114B0106238A37,Brahm Centre @ Simei 227,"227 Simei Street 4, #01-50, Singapore 520227",520227,1.3421625,103.9561555,67860800,info@brahmcentre.com,Mon - Fri: 9.00am - 6.00pm; Weekends and public holidays: closed,https://brahmcentre.com/brahmcentresimei/,89
78EB5C1126D347D2A79DD628BEE63495,Brahm Centre @ Simei 227 - Branch,"148 Simei Street 1, #01-121, Singapore 520148",520148,1.3463532,103.9558682,66126125,info@brahmcentre.com,Mon - Fri: 9.00am - 6.00pm; Weekends and public holidays: closed,https://brahmcentre.com/brahmcentresimei/,0
C4F5129DA2E34CBA85E45E3A18367291,Brahm-PCF Sparkle Care @ Simei 107,"107 Simei Street 1, 01-838, Singapore 520107",520107,1.3429,103.95043,98206240,aac.enquiry@pcf.org.sg,Mon - Fri: 9:00am - 6:00pm; Weekends and public holidays: closed,https://pcfsparklecare.org.sg/,1034
483D8107684B428EBB6C151B6E67260B,Care Corner Active Ageing Centre (Care) TP131,"131 Lorong 1 Toa Payoh, #01-01, Singapore 310131",310131,1.3380376,103.8432733,62555182,tp.aacc131@carecorner.org.sg,Mon - Fri: 9.00am - 6.00pm; Sat: 9.00am - 1.00pm; Sun &amp; public holidays: closed,https://www.carecorner.org.sg/services/active-ageing/,93
28FDECFF46B248278C5A0B2F2BD8A64F,Care Corner Active Ageing Centre (Care) TP261A,"261A Toa Payoh East, #01-03, Singapore 311261",311261,1.3338991,103.855432,69711199,tp.aacc261a@carecorner.org.sg,Mon - Fri: 9.00am - 6.00pm; Sat: 9.00am - 1.00pm; Sun &amp; public holidays: closed,https://www.carecorner.org.sg/services/active-ageing/,32
08DCCE37070B448C8D927D14AA44C973,Care Corner Active Ageing Centre TP106,"106 Lorong 1 Toa Payoh, Toa Payoh Bloom, #01-349, Singapore 310106",310106,1.3404085,103.8481424,62667423,tp.aac106@carecorner.org.sg,Mon - Fri: 9.00am - 6.00pm; Sat: 9.00am - 1.00pm; Sun &amp; public holidays: closed,https://www.carecorner.org.sg/services/active-ageing/,53
DE3EAEEF3B714BDAAA4CB4CAE5A7555C,Care Corner Active Ageing Centre TP149,"149 Lorong 1 Toa Payoh, #01-963, Singapore 310149",310149,1.3337716,103.8438396,62583122,tp.aac149@carecorner.org.sg,Mon - Fri: 9.00am - 6.00pm; Sat: 9.00am - 1.00pm; Sun &amp; public holidays: closed,https://www.carecorner.org.sg/services/active-ageing/,91
4D3154B5FD4A4A1D91E54CDD3D08BBA4,Care Corner Active Ageing Centre TP170,"170 Lorong 1 Toa Payoh, #01-1102, Singapore 310170",310170,1.3313414,103.8426842,63527930,tp.aac170@carecorner.org.sg,Mon - Fri: 9.00am - 6.00pm; Sat: 9.00am - 1.00pm; Sun &amp; public holidays: closed,https://www.carecorner.org.sg/services/active-ageing/,38
1813BCE07FB74AC597C714F179181AD7,Care Corner Active Ageing Centre TP5,"5 Lorong 7 Toa Payoh, Toa Payoh Court, #01-131, Singapore 310005",310005,1.3386115,103.8558201,62587922,tp.aac5@carecorner.org.sg,Mon - Fri: 9.00am - 6.00pm; Sat: 9.00am - 1.00pm; Sun &amp; public holidays: closed,https://www.carecorner.org.sg/services/active-ageing/,37
B0A1E153C76D4C589AB58A1366BF9056,Care Corner Active Ageing Centre TP62B,"62B Lorong 4 Toa Payoh, Golden Lotus, #02-121, Singapore 312062",312062,1.3359099,103.851286,62580503,tp.aac62b@carecorner.org.sg,Mon - Fri: 9.00am - 6.00pm; Sat: 9.00am - 1.00pm; Sun &amp; public holidays: closed,https://www.carecorner.org.sg/services/active-ageing/,30
CE5D72D217A54AD4BB9892666ED0C704,Care Corner Active Ageing Centre WL16,"16 Marsiling Lane, Marsiling Gardens, #01-195, Singapore 730016",730016,1.4423419,103.7778975,62193767,wl.aac16@carecorner.org.sg,Mon - Fri: 9.00am - 6.00pm; Sat: 9.00am - 1.00pm; Sun &amp; public holidays: closed,https://www.carecorner.org.sg/services/active-ageing/,66
EF5602065F494D0E9841EA8DDE2258E3,Care Corner Active Ageing Centre WL569A,"569A Champions Way, #01-346, Singapore 731569",731569,1.4298931,103.789782,65703547,wl.aac569a@carecorner.org.sg,Mon - Fri: 9.00am - 6.00pm; Sat: 9.00am - 1.00pm; Sun &amp; public holidays: closed,https://www.carecorner.org.sg/services/active-ageing/,126
136C1A76915D424E8EA768E56A2B0409,CareElderly@Circuit,"35 Circuit Road, #01-432, Singapore 370035",370035,1.3291935,103.8859897,67478782,CareElderly_Circuit@ccsscares.sg,"Mon, Tue, Thu, Fri: 9.00am - 5.30pm; Wed: 2.00pm - 5.30pm; Sat: 9.00am - 12.30pm; Sun &amp; public holidays: closed",https://www.ccsscares.sg/careelderly/,860
9729B0B84FC74D888E2E4D51762C57E6,CareElderly@Golden Ginger,"149A Serangoon North Avenue 1, #06-01, Singapore 551149",551149,1.3666248,103.8731948,69063571,CareElderly_GoldenGinger@ccsscares.sg,"Mon, Tue, Thu, Fri: 9.00am - 5.30pm; Wed: 2.00pm - 5.30pm; Sat: 9.00am - 12.30pm; Sun &amp; public holidays: closed",https://www.ccsscares.sg/careelderly/,1117
51335215E57445B8B745032F5C7DE0AA,Chinatown Active Ageing Centre (Banda),"5 Banda Street, 
#03-68, 
Singapore 050005",050005,1.2811801,103.8435439,62251490,banda@chinatownaac.org.sg,"Mon - Fri: 9.00am - 6.00pm; 
Sat, Sun &amp; public holidays: closed",www.kasac.org.sg,682
E6673558DCA54E45960EF56FC9193FCA,Chinatown Active Ageing Centre (Chin Swee),"51 Chin Swee Road, #04-83, Singapore 160051",160051,1.2874732,103.841932,65333202,chinswee@chinatownaac.org.sg,"Mon - Fri: 9.00am - 6.00pm; 
Sat, Sun &amp; public holidays: closed",www.kasac.org.sg,161
8F046E3586684E72862325C46E81ACDB,Chinatown Active Ageing Centre (Jalan Kukoh),"8 Jalan Kukoh, #04-35, Singapore 162008",162008,1.2873774,103.8394012,67321286,jalankukoh@chinatownaac.org.sg,"Mon - Fri: 9.00am - 6.00pm; 
Sat, Sun &amp; public holidays: closed",www.kasac.org.sg,20
26D1D14D2DE34CCAB6CB5F8FF06A199B,Chong Hua Tong Active Ageing Centre,"47 Owen Road, #01-251, Singapore 210047",210047,1.3148274,103.8501152,62943448,steven.loo@chttth.org,Mon - Fri: 8.30am - 5.00pm; Weekends &amp; public holidays: closed,,301
5D96ACD8C0604CA2B36C43564C0C1B25,Cornerstone@ChengSan Active Ageing Centre,"591A Ang Mo Kio Street 51, #01-35, Singapore 561591",561591,1.3709845,103.8522178,69886967,senior@cornerstoneservices.org.sg,Mon - Fri: 8.30am - 5.00pm; Sat: 9.30am - 12.30pm; Sun &amp; public holidays: closed,https://www.cornerstoneservices.org.sg/senior-outreach,33
1B739366C5424568B32E02C9276C73C1,ECONLIFE! Hub,"327A Anchorvale Road, #01-344, Singapore 541327",541327,1.3951873,103.8886946,63854946,elh.skg@econhealthcare.com,Mon - Fri: 9.00am - 6.00pm; Sat: 9.00am - 1.00pm (See notes); Sun &amp; public holidays: closed,https://www.econhealthcare.com/,132
6772FAA5AFC5409DAA01F6DF933BD7FE,FRCS Active Ageing Centre,"386 Bukit Batok West Avenue 5, Goodview Gardens, #01-348, Singapore 650386",650386,1.3639361,103.7525629,88860545,ecc@frcs.sg,Mon - Fri: 8.30am - 5.30pm; Weekends &amp; public holidays: closed,https://frcs.sg/ecc/,840
61C6B2620B374E039B66A21542B6E1FB,FaithActs (Commonwealth Drive),"50 Commonwealth Drive, Commonwealth 10, 01-506, Singapore 142050",142050,1.300842,103.797152,63397611,info@faithacts.org.sg,Mon - Fri: 9.00am - 6.00pm; Weekends &amp; public holidays: closed,https://www.faithacts.org.sg/,73
538E3E83007C4CB78A70B58DD4BD2038,FaithActs (Margaret Drive),"40 Margaret Drive, 01-07, Singapore 140040",140040,1.2966719,103.8056907,63397611,info@faithacts.org.sg,Mon - Fri: 9.00am - 6.00pm; Weekends &amp; public holidays: closed,https://www.faithacts.org.sg/,57
A838A6AF1C264138B14822317EDAE9D6,Fei Yue Active Ageing Centre (Brickland),"809A Choa Chu Kang Avenue 1, Keat Hong Axis, #01-628, Singapore 681809",681809,1.3755137,103.7448239,69506322,fy-blaac@fycs.org,Mon - Fri: 9.30am - 6.00pm; Weekends &amp; public holidays: closed,https://fycs.org/active-ageing-centres/,160
4331A00B9C94442FB88FAF890200A843,Fei Yue Active Ageing Centre (Buangkok Green),"582A Buangkok Green, #02-540, Singapore 531582",531582,1.379196,103.8871458,69142166,fy-bgaac@fycs.org,Mon - Fri: 9.30am - 6.00pm; Weekends and public holidays: closed,https://fycs.org/active-ageing-centres/,69
6082A59E83054112816F6BDC56D227AB,Fei Yue Active Ageing Centre (Bukit Batok extension),"210A Bukit Batok Street 21, #01-294, Singapore 651210",651210,1.3457225,103.7507612,65614404,fy-bbaac@fycs.org,Mon - Fri: 9.30am - 6.00pm; Weekends and public holidays: closed,https://fycs.org/active-ageing-centres/,0
B434F1B0BA1D4C868943C4EB8F38C7DE,Fei Yue Active Ageing Centre (Bukit Batok),"183 Bukit Batok West Ave 8, #01-101, Singapore 650183",650183,1.346343,103.74339,65614404,fy-bbaac@fycs.org,Mon - Fri: 9.30am - 6.00pm; Weekends and public holidays: closed,https://fycs.org/active-ageing-centres/,81
DD5A95C7333A4D60B8C284087E036CDA,Fei Yue Active Ageing Centre (Chua Chu Kang),"206 Choa Chu Kang Central, #01-28, Singapore 680206",680206,1.3806923,103.7483763,60272458,fy-cckaac@fycs.org,Mon - Fri: 9.30am - 5.00pm; Weekends &amp; public holidays: closed,https://fycs.org/active-ageing-centres/,132
E82E0B5305EA4784928A5E17E280FF56,Fei Yue Active Ageing Centre (Commonwealth),"107 Commonwealth Crescent, Crescent Green, #01-230, Singapore 140107",140107,1.3078536,103.7992062,64712022,fy-hcaac@fycs.org,Mon - Fri: 9.30am - 6.00pm; Weekends and public holidays: closed,https://fycs.org/active-ageing-centres/,0
6760BA7DE42749B08E17123981077333,Fei Yue Active Ageing Centre (Fajar),"406 Fajar Road, #01-295, Singapore 670406",670406,1.3818471,103.7674947,63704162,fy-fjaac@fycs.org,Mon - Fri: 9.30am - 6.00pm; Weekends &amp; public holidays: closed,https://www.fycs.org,29
5A7A578FF76D43A09B5CA42BCB586357,Fei Yue Active Ageing Centre (Holland Close),"1 Holland Close, #02-115, Singapore 271001",271001,1.309137,103.7968581,67744044,fy-hcaac@fycs.org,Mon - Fri: 9.30am - 6.00pm; Weekends and public holidays: closed,https://fycs.org/active-ageing-centres/,524
96E8653FEF214AA291740FA2A753AA46,Fei Yue Active Ageing Centre (Hougang Dewcourt),"376C Hougang Street 32, #01-32, Singapore 533376",533376,1.3641844,103.8937009,62024699,fy-hdaac@fycs.org,Mon - Fri: 9.30am - 6.00pm; Weekends &amp; public holidays: closed,https://fycs.org/active-ageing-centres/,104
55DB834E1B664F9B85E5D20C4F6CE83C,Fei Yue Active Ageing Centre (Hougang),"174A Hougang Avenue 1, #01-1505, Singapore 531174",531174,1.3497194,103.8885704,65380234,fy-hgaac@fycs.org,Mon - Fri: 9.30am - 6.00pm; Weekends &amp; public holidays: closed,https://fycs.org/active-ageing-centres/,1647
A33A1D4C1A6941A896BF7904FA1542AB,Fei Yue Active Ageing Centre (Limbang Green),"574 Choa Chu Kang Street 52, #01-296, Singapore 680574",680574,1.3944283,103.745186,66619499,fy-lgaac@fycs.org,Mon - Fri: 9.30am - 6.00pm; Weekends &amp; public holidays: closed,https://fycs.org/active-ageing-centres/,89
CDF87313F6FB497EB003A524DC1B2B43,Fei Yue Active Ageing Centre (Limbang),"536 Choa Chu Kang Street 51, #01-142, Singapore 680536",680536,1.3916599,103.744151,66590616,fy-lbaac@fycs.org,Mon - Fri: 9.30am - 6.00pm; Weekends &amp; public holidays: closed,https://fycs.org/active-ageing-centres/,575
811BB413BA7B4BB29B09119043BCB3DB,Fei Yue Active Ageing Centre (Senja),"634B Senja Road, #02-227, Singapore 672634",672634,1.3858914,103.757653,63519555,fy-sjaac@fycs.org,Mon - Fri: 9.30am - 6.00pm; Weekends &amp; public holidays: closed,https://fycs.org/active-ageing-centres/,1043
5F9F4BEC578E474880D8EA757A5563B7,Fei Yue Active Ageing Centre (Serangoon),"223A Serangoon Avenue 4, #01-217, Singapore 551223",551223,1.3578084,103.8711165,63456567,fy-sraac@fycs.org,Mon - Fri: 9.30am - 6.00pm; Weekends &amp; public holidays: closed,https://fycs.org/active-ageing-centres/,3729
86C0B070058A45AC98D2B021D98E9778,Fei Yue Active Ageing Centre (Sunshine Court),"476C Choa Chu Kang Avenue 5, #01-43, Singapore 683476",683476,1.3773659,103.7379421,63340180,fy-scaac@fycs.org,Mon - Fri: 9.30am - 6.00pm; Weekends &amp; public holidays: closed,https://fycs.org/active-ageing-centres/,615
82D21F3F1D1748229180A29A895D836D,Fei Yue Active Ageing Centre (Teck Whye extension),"165A Teck Whye Crescent, #01-331, Singapore 681165",681165,1.3826908,103.7535982,63809155,fy-twaac@fycs.org,Mon - Fri: 9.30am - 6.00pm; Weekends and public holidays: closed,https://fycs.org/active-ageing-centres/,0
9EFEC98D0DC74225B0E59F04F8A7CF42,Fei Yue Active Ageing Centre (Teck Whye),"9 Teck Whye Lane, #01-268, Singapore 680009",680009,1.3800525,103.7538887,68936606,fy-twaac@fycs.org,Mon - Fri: 9.30am - 6.00pm; Weekends and public holidays: closed,https://fycs.org/active-ageing-centres/,74
F2307FA24ABC4FDFA3915BA1E406A49E,Filos@Chai Chee,"22 Chai Chee Road, Ping-An Gardens, 01-538, Singapore 461022",461022,1.3251835,103.9217855,62448107,info@filos.sg,Mon - Fri: 9.00am - 6.00pm; Weekends &amp; public holidays: closed,https://www.filos.sg/,634
F10E29D35D134D5599197547A73F4CD4,Friends @ St Hilda's Link,"10 Jalan Batu, Di Tanjong Rhu, #01-06, Singapore 431010",431010,1.3021,103.8828403,63450054,AAC@sthildascsc.org.sg,Mon - Fri: 9.00am - 5.00pm; Sat: 9.00am - 1.00pm; Sun &amp; public holidays: closed,https://sthildascsc.org.sg/?page_id=539,148
5037FBC0371C4DDB873CF24D169F7761,GLOW (Bukit Batok),"212 Bukit Batok St 21, 01-237, Singapore 650212",650212,1.34815,103.75244,63472801,sac@tzuchi.org.sg,Mon - Fri: 8.30am - 5.30pm; Weekends and public holidays: closed,https://www.tzuchi.org.sg/en/our-missions/medicine/seniors-engagement-and-enabling-node-seen/,0
E0B0CF1CDDE444F18A9C2D136A92CC9F,GLOW (Nanyang),"706 Jurong West St 71, #01-58, Singapore 640706",640706,1.341516,103.6953582,68591962,sac@tzuchi.org.sg,Mon - Fri: 8.30am - 5.30pm; Weekends and public holidays: closed,https://www.tzuchi.org.sg/en/,0
F0E1EFC8C4724FC78E99E1BC48B81735,Geylang East Active Ageing Centre,"98 Aljunied Crescent, #01-411, Singapore 380098",380098,1.3208712,103.8856849,68426643,ge.aac@geha.org.sg,Mon - Fri: 8.30am - 5.30pm; Sat: 8.30am - 1.00pm; Sun &amp; public holidays: closed,https://www.geha.org.sg/,44
7975E5C9001E4C8387BFE40F0B0EF6C3,Goodlife Studio (Bedok Reservoir 609A),"609A Bedok Reservoir Road, #01-1700, Singapore 471609",471609,1.3317012,103.912145,89407231,goodlifestudio.east@montfortcare.org.sg,Mon - Fri: 9.00am to 5:30pm; Weekends and public holidays: closed,https://www.goodlife.org.sg/,0
9B8D393E719A4A6FB93F3F831855472A,Goodlife Studio (Bedok),"613B Bedok Reservoir Road, #01-1376, Singapore 472613",472613,1.333107,103.9180696,63123988,GoodlifeBD@montfortcare.org.sg,Mon - Fri: 9.00am - 6.00pm; Weekends and public holidays: closed,https://www.goodlife.org.sg/,268
390179FEE41F41E7935CDE3ECFCA4AE8,Goodlife Studio (Bukit Purmei),"108 Bukit Purmei Road, #01-105, Singapore 090108",090108,1.2734415,103.8254768,62500244,GoodLife-BP@montfortcare.org.sg,Mon - Fri: 9.00am - 6.00pm; Weekends and public holidays: closed,https://www.goodlife.org.sg/,81
AA7FE1986E1E46D5BD47382C9015BCA9,Goodlife Studio (Marine Parade MRT),"75 Marine Drive, 01-23, Singapore 440075",440075,1.3033142,103.9074653,63453491,,Mon - Fri: 10.30am - 5.00pm; Weekends &amp; public holidays: closed,https://montfortcare.org.sg/services/seniors/,3671
B6B94EC3B1EC46468D173A21B3EA3229,Goodlife Studio (Marine Parade),"15 Marine Terrace, #01-18, Singapore 440015",440015,1.3048397,103.9139344,64450570,contact@goodlife.org.sg,Mon - Fri: 9.00am - 6.00pm; Weekends and public holidays: closed,https://www.goodlife.org.sg/,99
483E7C97434B4A7E8517D5175C789690,Goodlife Studio (Tampines 142),"142 Tampines St 12, #01-310, Singapore 521142",521142,1.3487315,103.9451717,91134877,goodlifestudio.east@montfortcare.org.sg,Mon - Fri: 9am to 6pm; Weekends and public holidays: closed,https://montfortcare.org.sg/,28
B17A06622E414CABBB893CFA9A94FF6C,Goodlife Studio (Tampines 235),"235 Tampines St 21, #01-509, Singapore 521235",521235,1.3555273,103.9482558,96743512,goodlifestudio.east@montfortcare.org.sg,Mon - Fri: 9.00am to 6.00pm; Weekends and public holidays: closed,https://montfortcare.org.sg/,65
E62E8AFE494D48CF9B37CB77E13A0744,Goodlife Studio (Tampines 251),"251 Tampines St 21, #01-458, Singapore 520251",520251,1.3528247,103.9481799,97341870,goodlifestudio.east@montfortcare.org.sg,Mon - Fri: 9am to 6pm; Weekends and public holidays: closed,https://montfortcare.org.sg/,42
CEF4227D2A084C93AA8C331B98DEF84A,Goodlife Studio (Telok Blangah Towers),"80B Telok Blangah Street 31, #01-115, Singapore 102080",102080,1.2738854,103.8072751,92988473,goodlifestudio.south@montfortcare.org.sg,Mon-Fri: 9:00am to 6:00pm; Weekends and public holidays: closed,https://montfortcare.org.sg/,213
C27DD61B65FF4EE89754FE70FF0108E2,Goodlife Studio (Tiong Bahru),"10B Boon Tiong Road, #01-539, Singapore 164010",164010,1.286438,103.8290868,85220537,goodlifestudio.south@montfortcare.org.sg,Mon-Fri: 9:00am to 6:00pm; Weekends and public holidays: closed,https://montfortcare.org.sg/,200
C7ED8A2218CE454B93086BC277131F3D,Goodlife Studio (Yishun Riverwalk),"333B Yishun St 31, #01-183, Singapore 762333",762333,1.4320249,103.8448587,96434032,goodlifestudio.north@montfortcare.org.sg,Mon-Fri: 9:00am to 6:00pm; Weekends and public holidays: closed,https://montfortcare.org.sg/,78
79AEE38025034136B7230EEBBE5E3ABC,Goodlife Studio (Yishun),"838 Yishun Street 81, #01-322, Singapore 760838",760838,1.4165076,103.8335,64848040,montfortcare.aac.yishun838@gmail.com,Mon - Fri: 9.00am - 6.00pm; Weekends and public holidays: closed,https://www.montfortcare.org.sg/,84
E3B8791190E0464080342BED353B1E0B,HNF Wellness Club@Buangkok,"999 Buangkok Crescent, Singapore 530999",530999,1.3847068,103.8810043,68545059,aac.buangkok@hnf.org.sg,Mon - Fri: 8.00am - 5.00pm; Weekends &amp; public holidays: closed,https://www.hnf.org.sg/services/hnf-wellnesscentres/,495
1B4A8352D996462E96F97595EF7F0B23,HNF Wellness Club@Hougang 912,"912 Hougang Street 91, 01-42, Singapore 530912",530912,1.378590127,103.8838757,96178074,enquiry@hnf.org.sg,Mon - Fri: 8.00am - 5.30pm; Weekends &amp; public holidays: closed,https://hnf.org.sg/,92
90209583CBD44FACA0C0DB5317BFB71E,HNF-PCF Sparkle Care AAC @ Tampines Blk 813,"813 Tampines Street 81, 01-548, Singapore 520813",520813,1.34705586631311,103.936696537272,62444600,https://www.pcf.org.sg/,Mon - Fri: 9.00am - 6.00pm; Weekends &amp; public holidays: closed,pcfhq@pcf.org.sg,92
47E81F912A7D4458A1264DFA249686CB,HNF-PCF Sparkle Care AAC @ Tampines Blk 922,"922 Tampines Street 91, 01-217, Singapore 520922",520922,1.348625565,103.9410244,68545555,enquiry@hnf.org.sg,Mon - Fri: 8.00am - 5.30pm; Weekends &amp; public holidays: closed,https://hnf.org.sg/,128
378D4BFFA3A84837AB4FF1431ED7524C,House of Joy Mountbatten,"12 Pine Close, #01-85, Singapore 391012",391012,1.3085617,103.8822746,63488019,info@chcsa.org.sg,Mon - Fri: 9.00am - 5.00pm; Sat: 9.30am - 12.30pm (See notes); Sun &amp; public holidays: closed,https://www.chcsa.org.sg/house-of-joy,58
BD7958274B474927AF8C58C4078D7D31,House of Joy Tampines GreenWeave,"610 Tampines North Drive 1, #01-01, Singapore 520610",520610,1.3645511,103.9370099,88312721,info@chcsa.org.sg,Mon - Fri: 9am - 5pm; Sat: 9.30am - 12.30pm (See notes); Sun &amp; public holidays: closed,https://www.chcsa.org.sg/house-of-joy,263
C5FD99C34A9B4963B50C88151D25B2C3,Hua Mei AAC (Care) @ ComSA Whampoa,"300 Whampoa Drive, Whampoa Community Centre, #03-01, Singapore 327737",327737,1.3245724,103.8571663,90486321,AAC_ComSA@tsaofoundation.org,Mon - Fri: 9.00am - 6.00pm; Sat: 9.00am - 1.00pm; Sun &amp; public holidays: closed,https://tsaofoundation.org/towards-successful-ageing/comsa/about-comsa,200
01B45A87DD6E40358680B4E286999573,Jalan Besar Active Ageing Centre,"811 French Road, #01-112, Singapore 200811",200811,1.307738,103.8612848,62941160,enquiry@jbaac.sg,Mon - Fri: 9.00am - 5.00pm; Weekends &amp; public holidays: closed,,302
F3E28E061A534FC59D6E3C6A6198AC41,Jia Ying Active Ageing Centre,"19 Hougang Ave 3, #01-187, Singapore 530019",530019,1.3638533,103.891768,62815025,enquiries@jiaying.org,Mon - Fri: 8.30am - 6.00pm; Weekends and public holidays: closed,https://www.jiaying.org.sg,411
5C4948D41F7A4CF5809AC67EDECB1E17,Kampung Senang AAC @ 840 Tampines,840 Tampines Street 82 #01-111 Singapore 520840,520840,1.3510826,103.9356533,67852568,ksaac@kampungsenang.org,"Monday to Friday, 9:00AM - 5:00PM",https://www.kampungsenang.org/,78
F99A3B82E14F45A2980CAE86A9C00CA3,Kwong Wai Shiu Care @ MacPherson,"82 Circuit Road, #01-02, Singapore 370082",370082,1.3240853,103.8901799,64221335,kwsc_macpherson@kwsh.org.sg,Mon - Fri: 9.00am - 6.00pm; Weekends &amp; public holidays: closed,https://www.kwsh.org.sg/service/kwscare/,46
5875659769CF4F3C974C4A3F05A138E1,Kwong Wai Shiu Care @ McNair,"113 Mcnair Road, #01-01, Singapore 321113",321113,1.3210426,103.8595444,64221311,kwsc_mcnair@kwsh.org.sg,Mon - Fri: 7.00am - 7.00pm; Weekends &amp; public holidays: closed,https://www.kwsh.org.sg/service/kwscare/,136
F45FCC81379C43C9808F85C27EB86436,Kwong Wai Shiu Care @ Potong Pasir,"51 Potong Pasir Avenue 1, Kwong Wai Shiu Hospital @ Potong Pasir, Singapore 358400",358400,1.3350292,103.863808,68560063,Jeremy_Lim@kwsh.org.sg,Mon - Fri: 7.00am - 7.00pm; Weekends &amp; public holidays: closed,https://www.kwsh.org.sg/service/kwscare/,132
C1F7E86723E24027ABCA39F3CE2DE88B,Kwong Wai Shiu Care @ St George,"25 St. George's Lane, #01-01, Singapore 320025",320025,1.3223048,103.8620807,64221333,kwsc_stgeorge@kwsh.org.sg,Mon - Fri: 7.00am - 7.00pm; Weekends &amp; public holidays: closed,https://www.kwsh.org.sg/service/kwscare/,443
24C873F60A9D4EB9B9CFC0194C9CE34E,Lentor Health AAC(Care)@TLR,"51 Lentor Avenue, Singapore 786876",786876,1.3915959,103.8372573,92769318,aaclentor@lentorhealth.com,Mon - Fri: 9.00am - 6.00pm; Sat: 9.00am - 1.00pm; Sun &amp; public holidays: closed,https://lentorhealth.com,3704
EA3B0A54872A4CC6BD73D77E2C709E1B,Lions Befrienders AAC @Ang Mo Kio 318,"318 Ang Mo Kio Avenue 1, #01-1453, Singapore 560318",560318,1.365594,103.847536,66814900,LB_AMK318_grp@lb.org.sg,Mon - Fri: 9.00am - 6.00pm; Weekends &amp; public holidays: closed,https://www.lionsbefrienders.org.sg/activeageingcentre/,57
BF5FFA39587A4F23B2AE3F7B105C8556,Lions Befrienders AAC @Bendemeer 32,"32 Bendemeer Road, #01-799, Singapore 330032",330032,1.3200403,103.8635113,66814904,LB_BDR32_grp@lb.org.sg,Mon - Fri: 9.00am - 6.00pm; Weekends &amp; public holidays: closed,https://www.lionsbefrienders.org.sg/activeageingcentre/,64
2C15E5B3EE654A1FA8A4054AE258B9CF,Lions Befrienders AAC @Clementi 344,"344 Clementi Avenue 5, #01-132, Singapore 120344",120344,1.3180754,103.7690618,66814976,LB_CLM344_grp@lb.org.sg,Mon - Fri: 9.00am - 6.00pm; Weekends &amp; public holidays: closed,https://www.lionsbefrienders.org.sg/activeageingcentre/,36
FD469060C0A642DD86EFDE5C0AF506B7,Lions Befrienders AAC @Clementi 367/366,"366 Clementi Avenue 2, #01-527, Singapore 120366",120366,1.3125655,103.7716929,66814025,LB_CLM366_grp@lb.org.sg,Mon - Fri: 9.00am - 6.00pm; Weekends and public holidays: closed,https://www.lionsbefrienders.org.sg/activeageingcentre/,34
6713ECC97D6344A7A0C87C890B911215,Lions Befrienders AAC @Clementi 367/366 - Branch,"367 Clementi Ave 2, #01-525, Singapore 120367",120367,1.3129661,103.7716744,66814025,lb_clm366_grp@lb.org.sg,Mon - Fri: 9.00am - 6.00pm; Weekends and public holidays: closed,https://www.lionsbefrienders.org.sg/activeageingcentre/,0
10AD2A92EBF243E59B9039F2E2F8B85B,Lions Befrienders AAC @Clementi 420,"420A Clementi Avenue 1, #02-03, Singapore 121420",121420,1.309774785,103.7684041,66814908,lb_clm420_grp@lb.org.sg,Mon - Fri: 9.00am - 6.00pm; Weekends &amp; public holidays: closed,https://www.lionsbefrienders.org.sg/activeageingcentre/,93
15C0F01F6A14465C9C2AD5B5B13FABD5,Lions Befrienders AAC @Ghim Moh 18,"18 Ghim Moh Road, #01-115, Singapore 270018",270018,1.3102163,103.7870789,66814912,LB_GHM018_grp@lb.org.sg,Mon - Fri: 9.00am - 6.00pm; Weekends and public holidays: closed,https://www.lionsbefrienders.org.sg/activeageingcentre/,190
FBA6BEE47B984717A2387E5B9189FE4B,Lions Befrienders AAC @Mei Ling 150,"150 Mei Ling Street, #01-53, Singapore 141150",141150,1.2950299,103.8036898,66814916,Lb_MEL150_grp@lb.org.sg,Mon - Fri: 9.00am - 6.00pm; Weekends and public holidays: closed,https://www.lionsbefrienders.org.sg/activeageingcentre/,177
9D22AF8850A64A139CC14B4FB1F8A855,Lions Befrienders AAC @Tampines 434,"434 Tampines Street 43, #01-77, Singapore 520434",520434,1.3592525,103.9516132,66814928,LB_TPN434_grp@lb.org.sg,Mon - Fri: 9.00am - 6.00pm; Weekends &amp; public holidays: closed,https://www.lionsbefrienders.org.sg/activeageingcentre/,142
2ACAEC47CDC448A38453DC6A2D781415,Lions Befrienders AAC @Tampines 494E,"494E Tampines Street 43, #01-544, Singapore 525494",525494,1.3643858,103.9534516,66814940,lb_tpnsac494e_grp@lb.org.sg,Mon - Fri: 9.00am - 6.00pm; Weekends &amp; public holidays: closed,https://www.lionsbefrienders.org.sg/activeageingcentre/,58
509246CD54624B3191641349063D772E,Lions Befrienders AAC @Tampines 499C,"499C Tampines Avenue 9, #01-256, Singapore 523499",523499,1.359794,103.9561511,66814924,lb_tpn499C_grp@lb.org.sg,Mon - Fri: 9.00am - 6.00pm; Weekends &amp; public holidays: closed,https://www.lionsbefrienders.org.sg/activeageingcentre/,73
A48B275865C347C0A189D1A6FEED23C8,Lions Befrienders Living Hub@170,"170 Stirling Road, #01-1121, Singapore 140170",140170,1.291650209,103.8047654,66814916,LB_LH170_grp@lb.org.sg,Mon - Fri: 9.00am - 6.00pm; Weekends and public holidays: closed,https://www.lionsbefrienders.org.sg/,0
E709F494EDC34F2B925F8DA6403DEAE3,Loving Heart Active Ageing Centre (229 Jurong East),"229 Jurong East Street 21, 01-701, Singapore 600229",600229,1.3417173,103.7383527,68974766,aac229@lovingheart.org.sg,Mon - Fri: 9.00am - 5.30pm; Sat:(See notes); Sun &amp; public holidays: closed,https://www.lovingheart.org.sg/,47
5AA6C6F8BF8443E2A5B6B5420C158FD7,Loving Heart Active Ageing Centre (318A Jurong East),"318A Jurong East Avenue 1, #02-308, Singapore 601318",601318,1.3476768,103.7311621,68972646,aac@lovingheart.org.sg,Mon - Fri: 9.00am - 5.30pm; Weekends &amp; public holidays: closed,https://lovingheart.org.sg/,94
BB011E66F6BB4CEABFC54BDF3922CCAA,Loving Heart Multi-Service Centre,"210 Jurong East Street 21, #01-389, Singapore 600210",600210,1.3388346,103.7387311,68974766,aac@lovingheart.org.sg,Mon - Fri: 9.00am - 5.30pm; Weekends &amp; public holidays: closed,https://www.lovingheart.org.sg,81
AF32FB0ED2E34C808DD3A90E6A09C454,MWS Active Ageing Centre - Fernvale Rivergrove,"473A Fernvale Street, #01-17, Singapore 791473",791473,1.3979029,103.8812821,64817395,mwsaacfvr@mws.sg,Mon - Fri: 9.00am - 5.00pm; Weekends &amp; public holidays: closed,https://www.mws.sg,177
43B6C0058AC144198E21AB1AE8A52DEA,MWS Active Ageing Centre - Golden Lily@Pasir Ris,"212A Pasir Ris Street 21, #01-616, Singapore 511212",511212,1.3681271,103.9601322,84995017,MWSaacgl@mws.sg,Mon - Fri: 8.30am - 5.00pm; Weekends &amp; public holidays: closed,https://www.mws.sg,181
9574EF47E1F24A9D97D3C1ABD2369371,MWS Active Ageing Centre - GreenTops@Sims Place,"63 Sims Place, #01-227, Singapore 380063",380063,1.3166061,103.8796449,67471786,mwsaacgt@mws.sg,Mon - Fri: 8.30am - 5.00pm; Weekends &amp; public holidays: closed,https://www.mws.sg,879
9E9839F7108D4FE9B297EA9C64E71E98,MWS Active Ageing Centre - Kebun Baru,"180 Ang Mo Kio Avenue 5, #01-2980, Singapore 560180",560180,1.376465,103.838001,62384136,MWSaackb@mws.sg,Mon - Fri: 9.00am - 5.00pm; Weekends &amp; public holidays: closed,https://www.mws.sg,66
A9E8C92F692A4F3DB01A8503B755CFB9,MWS Active Ageing Centre - Teck Ghee Vista,"307D Ang Mo Kio Avenue 1, #01-01, Singapore 564307",564307,1.3653666,103.8456269,66840341,MWSaactgv@mws.sg,Mon - Fri: 9.00am - 5.00pm; Weekends &amp; public holidays: closed,https://www.mws.sg,22
AA1A608730E14D07BD036C83746FBEB8,MWS Charis ACE Active Ageing Centre - Geylang East,"125 Geylang East Avenue 1, #01-05, Singapore 381125",381125,1.3178028,103.8864311,68420497,MWScaceaac@mws.sg,Mon - Fri: 9.00am - 5.00pm; Weekends &amp; public holidays: closed,https://www.mws.sg,96
3539C2A3B8B4435E962AB333AB9C6444,MWS Wesley Active Ageing Centre - Jalan Berseh,"25 Jalan Berseh, #01-142, Singapore 200025",200025,1.306385,103.857933,62980195,MWSwaac@mws.sg,Mon - Fri: 9.00am - 5.00pm; Weekends &amp; public holidays: closed,https://www.mws.sg,1884
CE42A773387B49DAAAB5BC2FE8C13B03,Moral Active Ageing Centre @ Kaki Bukit,"544 Bedok North Street 3, #01-1340, Singapore 460544",460544,1.3305842,103.924142,64486247,enquiries.sac@chkmps.org.sg,Mon - Fri: 8.30am - 5.30pm; Sat: Closed,https://www.chkmps.org.sg/active-ageing-centres/,40
73BF954B5F8647E3ABA7EDBA2EB75D19,Moral Active Ageing Centre @ Redhill,"89 Redhill Close, #01-448, Singapore 150089",150089,1.285458,103.8187971,64765873,enquiries.sac@chkmps.org.sg,Mon - Fri: 8.30am - 5.30pm; Sat: Closed,https://www.chkmps.org.sg/active-ageing-centres/,65
99456A164ED2411D92AF03472480340D,Muhammadiyah Active Ageing Centre,"701B Yishun Avenue 5, Golden Palms, #02-612, Singapore 762701",762701,1.4298381,103.8274338,62590968,maac@muhammadiyah.org.sg,Mon - Fri: 8.30am - 5.30pm; Weekends &amp; public holidays: closed,https://mhcc.muhammadiyah.org.sg/senior-activity-centre-yishun/,331
97BD1E232E854C87940CCC89343CEC78,NTUC Health Active Ageing Centre (Boon Lay),"179 Boon Lay Drive, 01-448, Singapore 640179",640179,1.3470925,103.7090513,65604368,aac.bl@ntuchealth.sg,Mon - Fri: 9.00am - 6.00pm; Sat: (See notes); Sun &amp; public holidays: closed,https://ntuchealth.sg/active-ageing/locations,109
2206D086EEDD405AAE43ABE489C98B9C,NTUC Health Active Ageing Centre (Boon Lay) - Branch,"179 Boon Lay Drive, 01-448, Singapore 640179",640179,1.3470925,103.7090513,65604368,aac.bl@ntuchealth.sg,Mon - Fri: 9.00am - 6.00pm; Sat: (See notes); Sun &amp; public holidays: closed,https://ntuchealth.sg/active-ageing/services/active-ageing-programmes,0
F1DC2A915F404CE7B4C21F6EB024B2F8,NTUC Health Active Ageing Centre (Bukit Merah View),"117 Bukit Merah View, #01-205, Singapore 151117",151117,1.2842933,103.8219204,62504069,aac.bmv@ntuchealth.sg,Mon - Fri: 9.00am - 6.00pm; Sat: (See notes); Sun &amp; public holidays: closed,https://ntuchealth.sg/active-ageing/locations,19
D7E0BBE0B6894FDFA94457C314918550,NTUC Health Active Ageing Centre (Bukit Merah),"117 Jalan Bukit Merah, #01-1683, Singapore 160117",160117,1.2818321,103.8265636,62732969,aac.bm@ntuchealth.sg,Mon - Fri: 9.00am - 6.00pm; Sat: (See notes); Sun &amp; public holidays: closed,https://ntuchealth.sg/active-ageing/locations,47
EA1C14AC6FC744859E38727C271886B4,NTUC Health Active Ageing Centre (Bukit Panjang),"2 Bukit Panjang Ring Road, 02-06, Singapore 679947",679947,1.3774574,103.7724947,80312839,aac.bp@ntuchealth.sg,Mon - Fri: 9.00am - 6.00pm; Sat: (See notes); Sun &amp; public holidays: closed,https://ntuchealth.sg/active-ageing/locations,90
43D428C50A8E45CA9CC412F4C80E745A,NTUC Health Active Ageing Centre (Care) (Bedok North),"429 Bedok North Road, 01-01, Singapore 460429",460429,1.3313,103.93251,94884573,aacc.hb@ntuchealth.sg,Mon - Fri: 9.00am - 6.00pm; Sat: (See notes); Sun &amp; public holidays: closed,https://ntuchealth.sg/active-ageing/services/active-ageing-programmes,52
C3400DA6AEED4BEF80DB2B3680AFD390,NTUC Health Active Ageing Centre (Care) (Bukit Batok West),"439 Bukit Batok West Avenue 8, 02-01, Singapore 650439",650439,1.3566747,103.7400448,69705829,aacc.bbw@ntuchealth.sg,Mon - Fri: 9.00am - 6.00pm; Sat: (See notes); Sun &amp; public holidays: closed,https://ntuchealth.sg/active-ageing/locations,133
BC12575DEEA74E138D71C43874DFF9B1,NTUC Health Active Ageing Centre (Care) (Bukit Merah Silat),"141 Jalan Bukit Merah, #01-1172, Singapore 160141",160141,1.2771799,103.8288805,82922677,aacc.bms@ntuchealth.sg,Mon - Fri: 9.00am - 6.00pm; Sat: For events only; Closed on Sun &amp; Public Holiday,https://ntuchealth.sg/active-ageing/locations,887
F2B29949E40F4F2DB3EF0F10F774448F,NTUC Health Active Ageing Centre (Care) (Bukit Merah Silat) - Branch,"145 Jalan Bukit Merah, #01-1094, Singapore 160145",160145,1.2774019,103.8304646,82922677,aacc.bms@ntuchealth.sg,Mon - Fri: 9.00am - 6.00pm; Sat: (See notes); Sun &amp; public holidays: closed,https://ntuchealth.sg/active-ageing/locations,0
9FC48D64EF164B12BAC246512CB952BE,NTUC Health Active Ageing Centre (Care) (Jurong Central Plaza),"493 Jurong West Street 41, #02-01, Singapore 640493",640493,1.349055,103.7249125,62563671,aacc.jcp@ntuchealth.sg,Mon - Fri: 9.00am - 6.00pm; Sat: (See notes); Sun &amp; public holidays: closed,https://ntuchealth.sg/active-ageing/locations,71
21E8FFCDFD854DBEA69EEE03C5D7F0D3,NTUC Health Active Ageing Centre (Care) (Kampung Admiralty),"676 Woodlands Drive 71, #06-01, Singapore 730676",730676,1.4397967,103.8006098,68708500,aacc.ka@ntuchealth.sg,Mon - Fri: 9.00am - 6.00pm; Sat: (See notes); Sun &amp; public holidays: closed,https://ntuchealth.sg/active-ageing/locations,105
B4AAB730B4EB4351AB5A62A13740758D,NTUC Health Active Ageing Centre (Care) (Marsiling Park),"152 Woodlands Street 13, #01-777, Singapore 730152",730152,1.437081295,103.7761042,82922504,aacc.ma@ntuchealth.sg,Mon - Fri: 9.00am - 6.00pm; Sat: (See notes); Sun &amp; public holidays: closed,https://ntuchealth.sg/active-ageing/locations/active-ageing-centre-care-marsiling-park,73
F904A2BAEACA4D93AEF79A0A7A6BA303,NTUC Health Active Ageing Centre (Care) (Pasir Ris Central),"112 Pasir Ris Street 11, #01-657, Singapore 510112",510112,1.367717,103.955746,82922681,aacc.prc@ntuchealth.sg,Mon - Fri: 9.00am - 6.00pm; Sat: (See notes); Sun &amp; public holidays: closed,https://ntuchealth.sg/active-ageing/locations,97
5FC67F7D164848ECBB5A5C75DCD7CD2A,NTUC Health Active Ageing Centre (Care) (Tampines),"1 Tampines Street 22, 01-01, Singapore 529367",529367,1.3497386,103.9515371,94572665,aacc.ta@ntuchealth.sg,Mon - Fri: 9.00am - 6.00pm; Sat: (See notes); Sun &amp; public holidays: closed,https://ntuchealth.sg/active-ageing/locations,35
506F043601A642A4808FC5ACB6314B6F,NTUC Health Active Ageing Centre (Care) (Wisma Geylang Serai),"1 Engku Aman Turn, Wisma Geylang Serai, 03-04, Singapore 408528",408528,1.3165416,103.8963147,94884575,aacc.wgs@ntuchealth.sg,Mon - Fri: 9.00am - 6.00pm; Sat: (See notes); Sun &amp; public holidays: closed,https://ntuchealth.sg/active-ageing/locations,1881
6E4B719201734BF798CD885CFE69E90E,NTUC Health Active Ageing Centre (Gek Poh),"751 Jurong West St 73, #01-177, Singapore 640751",640751,1.3476012,103.6992239,80315061,aac.gp@ntuchealth.sg,Mon - Fri: 9.00am - 6.00pm; Weekends &amp; public holidays: closed,https://ntuchealth.sg/active-ageing/locations,704
8C86FCF5CFBC4F3A8B10FE7DA719C610,NTUC Health Active Ageing Centre (Kampung Kembangan),"102 Lengkong Tiga, 01-389, Singapore 410102",410102,1.3255463,103.9106526,67156758,aac.kk@ntuchealth.sg,Mon - Fri: 9.00am - 6.00pm; Sat: (See notes); Sun &amp; public holidays: closed,https://ntuchealth.sg/active-ageing/locations,1925
1B039F902CAB48FA94760CC8316A0C97,NTUC Health Active Ageing Centre (Lengkok Bahru),"57 Lengkok Bahru, 01-491, Singapore 151057",151057,1.2882643,103.8141634,64733387,aac.lb@ntuchealth.sg,Mon - Fri: 9.00am - 6.00pm; Sat: (See notes); Closed on Sun &amp; Public Holiday,https://ntuchealth.sg/active-ageing/locations,30
C6F54E3316954B3FAA4D7CFD981C2582,NTUC Health Active Ageing Centre (Lengkok Bahru) - Branch,"59 Lengkok Bahru, 01-539, Singapore 150059",150059,1.2888505,103.8143356,64733387,aac.lb@ntuchealth.sg,Mon - Fri: 9.00am - 6.00pm; Sat: (See notes); Closed on Sun &amp; Public Holiday,https://ntuchealth.sg/active-ageing/locations,0
4739C4D5C9E84ACC86211F9F15646A56,NTUC Health Active Ageing Centre (Marsiling),"180A Marsiling Road, #01-2208, Singapore 731180",731180,1.439004,103.7781439,62503634,aac.ma@ntuchealth.sg,Mon - Fri: 9.00am - 6.00pm; Sat: (See notes); Sun &amp; public holidays: closed,https://ntuchealth.sg/active-ageing/locations,103
E762D4849B6241FE9F65BD2A0961F480,NTUC Health Active Ageing Centre (Mt. Faber),"76 Telok Blangah Drive, #01-252, Singapore 100076",100076,1.2743988,103.8088108,65904370,aac.mf@ntuchealth.sg,Mon - Fri: 9.00am - 6.00pm; Sat: (See notes); Sun &amp; public holidays: closed,https://ntuchealth.sg/active-ageing/locations,23
EA28F99CBF3541699AC7397D34BCA9FC,NTUC Health Active Ageing Centre (Nanyang),"817 Jurong West Street 81, 01-30, Singapore 640817",640817,1.3447324,103.6960264,67156752,aac.ny@ntuchealth.sg,Mon - Fri: 9.00am - 6.00pm; Sat: (See notes); Sun &amp; public holidays: closed,https://ntuchealth.sg/active-ageing/locations,62
D31E76219FFE414D95C837E8859A6A06,NTUC Health Active Ageing Centre (Pioneer),"662A Jurong West Street 64, 01-328, Singapore 641662",641662,1.3369609,103.7028511,80312431,aac.pi@ntuchealth.sg,Mon - Fri: 9.00am - 6.00pm; Sat: (See notes); Sun &amp; public holidays: closed,https://ntuchealth.sg/active-ageing/locations,388
D42083B6C56048DCA4152B4C1B3D4F64,NTUC Health Active Ageing Centre (Redhill),"71 Redhill Road, #01-29, Singapore 150071",150071,1.2873405,103.8172391,64738557,aac.rh@ntuchealth.sg,Mon - Fri: 9.00am - 6.00pm; Sat: (See notes); Sun &amp; public holidays: closed,https://ntuchealth.sg/active-ageing/locations,78
070C10D540744D66A7A8E7637A641E51,NTUC Health Active Ageing Centre (Serangoon Central),"424 Serangoon Central, 01-324, Singapore 550424",550424,1.3481577,103.8755982,67156760,aac.sc@ntuchealth.sg,Mon - Fri: 9.00am - 6.00pm; Sat: (See notes); Sun &amp; public holidays: closed,https://ntuchealth.sg/active-ageing/locations,1011
8DE003370CAE4F0E95477F67E6FF722C,NTUC Health Active Ageing Centre (Taman Jurong),"118A Corporation Drive, #01-01, Singapore 611118",611118,1.3354024,103.7228609,62616563,aac.tj@ntuchealth.sg,Mon - Fri: 9.00am - 6.00pm; Sat: (See notes); Sun &amp; public holidays: closed,https://ntuchealth.sg/active-ageing/locations,133
D0CC666D2E6142DCB56D66733683720D,NTUC Health Active Ageing Centre (Telok Blangah),"41 Telok Blangah Rise, #01-373, Singapore 090041",090041,1.2714975,103.8229984,62733297,aac.tb@ntuchealth.sg,Mon - Fri: 9.00am - 6.00pm; Sat: (See notes); Sun &amp; public holidays: closed,https://ntuchealth.sg/active-ageing/locations,25
7F4E6FA9961A43D98A1F3B55CBA00F26,NTUC Health Active Ageing Centre (Whampoa),"116 Jalan Tenteram, #01-06, Singapore 320116",320116,1.3277547,103.8611462,65904289,aac.wh@ntuchealth.sg,Mon - Fri: 9.00am - 6.00pm; Sat: (See notes); Sun &amp; public holidays: closed,https://ntuchealth.sg/active-ageing/locations,66
1F23A49E81114820B9EC7AD32EAA7964,NTUC Health Active Ageing Centre (Woodlands East),"691C Woodlands Drive 73, Admiralty Flora, 01-43, Singapore 733691",733691,1.4405874,103.8062444,67156754,aac.we@ntuchealth.sg,Mon - Fri: 9.00am - 6.00pm; Sat: (See notes); Sun &amp; public holidays: closed,https://ntuchealth.sg/active-ageing/locations,86
58F1F94DF27149FC8EB16E896E67A659,Natalie Yang Active Ageing Centre @ Jia Ying,"25 Hougang Ave 3, #01-442, Singapore 530025",530025,1.3658968,103.8916128,62815025,enquiries@jiaying.org,Mon - Fri: 8.30am - 6.00pm; Weekends and public holidays: closed,https://www.jiaying.org.sg,0
46CB324D09B0412193343078520B2F76,New Life Community Services Active Ageing Centre (Care) @Jelapang,"525 Jelapang Road, 01-123, Singapore 670525",670525,1.3867092,103.7650593,81839546,jelapangaac@newlife.org.sg,Mon - Fri: 9am to 5pm; Weekends &amp; public holidays: closed,https://newlife.org.sg/what-we-do/silvercare/,68
30CA45354C394DEAA82C048821778256,Orange Valley Active Ageing Centre (Care) @ Alkaff Crescent,"115C Alkaff Crescent, #03-01, Singapore 343115",343115,1.3370779,103.8726775,64994689,aaccac@orangevalley.sg,Mon - Fri: 9.00am - 6.00pm; Sat: 9.00am - 1.00pm; Sun &amp; public holidays: closed,https://orangevalley.sg/active-ageing-centres/,145
4B8F36CD8A154FE8AB2E3A76AD0E2C96,Orange Valley Active Ageing Centre@ Woodlands Peak,"302A Woodlands Street 31, #01-327, Singapore 731302",731302,1.4317254,103.7752211,63621756,umajrm@orangevalley.sg,Mon - Fri: 9.00am - 6.00pm; Sat: 9.00am - 1.00pm; Sun &amp; public holidays: closed,https://orangevalley.sg,531
BD5C9449F9564F619922DD25D01E0A33,PCF Sparkle Care Active Ageing @ Boon Lay,"631 Jurong West Street 65, 01-260, Singapore 640631",640631,1.3435825,103.7002748,80201989,aac.enquiry@pcf.org.sg,Mon - Fri: 9.00am - 6.00pm; Weekends &amp; public holidays: closed,https://www.pcf.org.sg/ sparklecare/,102
AD0C5718303B4E23AFF7DDD5D4064763,PCF Sparkle Care Active Ageing Centre (Care) @ Braddell Heights - Branch,"319 Serangoon Avenue 2, #01-348, Singapore 550319",550319,1.354740241,103.8676594,69629783,aac.enquiry@pcf.org.sg,Mon - Fri: 9:00am - 6:00pm; Weekends &amp; public holidays: closed,https://www.pcf.org.sg/sparklecare/,768
DE7A2EB1CBF84B60AE046722DE0A7D18,PCF Sparkle Care Active Ageing Centre (Care) @ Eunos - Branch,"657 Jalan Tenaga, #01-122, Singapore 410657",410657,1.334495,103.907931,93651528,aac.enquiry@pcf.org.sg,Mon - Fri: 9.00am - 6.00pm; Weekends &amp; public holidays: closed,https://www.pcf.org.sg/sparklecare/,583
F498F3A598E74C25B6A2C7F0993881ED,PCF Sparkle Care Active Ageing Centre (Care) @ Shunfu - Branch,"301 Shunfu Road, #01-25, Singapore 570301",570301,1.350513,103.838511,80203481,aac.enquiry@pcf.org.sg,Mon - Fri: 9.00am - 6.00pm; Weekends &amp; public holidays: closed,https://www.pcf.org.sg/sparklecare/,1258
10DD442769C64FF98F2E6A0DDD5CF9AA,PCF Sparkle Care Active Ageing Centre (Care) @ Yew Tee,"625 Choa Chu Kang Street 62, #01-206, Singapore 680625",680625,1.3986403,103.7460459,80203305,aac.enquiry@pcf.org.sg,Mon - Fri: 9.00am - 6.00pm; Sat: 9.00am - 1.00pm; Sun &amp; public holidays: closed,http://www.pcf.org.sg/,69
BBAC1E855DD34DEA8D665433B928B982,PCS Cedar Tree AAC @ Upper Serangoon 364,"364 Upper Serangoon Road, #01-01, Singapore 530364",530364,1.3706599,103.8967667,67026535,marthaenquiry@pcs.org.sg,"Mon - Fri: 8.30am - 12.00pm, 1.00pm - 6.00pm; Weekends &amp; public holidays: closed",http://pcs.org.sg/services/seniors-services/active-ageing-centres/,208
19BD50CF268A4C0F8319A62EAE8CA4DF,PCS Cedar Tree AAC @Jalan Bukit Merah,"105 Jalan Bukit Merah, Tiong Bahru Orchid, 02-1912, Singapore 160105",160105,1.2805947,103.8246432,62712125,sarahenquiry@pcs.org.sg,"Mon - Fri: 8.30am - 12pm, 1.00pm - 6.00pm; Weekends &amp; public holidays: closed",https://pcs.org.sg/services/seniors-services/active-ageing-centres/,27
0E0000E7C698420383ED6F9A67676CE1,PCS Cedar Tree AAC @Strathmore 61,"61 Strathmore Avenue, #01-02, Singapore 141061",141061,1.2940205,103.8109899,62514960,estherenquiry@pcs.org.sg,"Mon - Fri: 8.30am - 12.00pm, 1.00pm - 6.00pm; Weekends &amp; public holidays: closed",http://pcs.org.sg/services/seniors-services/active-ageing-centres/,43
7FFD7571F6B44B60B4A533EA573CFC38,PCS Cedar Tree AAC @Tampines West 827A,"827A Tampines Street 81, #02-350, Singapore 521827",521827,1.3499559,103.9328039,67866826,ecircleenquiry@pcs.org.sg,"Mon - Fri: 8.30am - 12.00pm, 1.00pm - 6.00pm; Weekends &amp; public holidays: closed",https://pcs.org.sg/services/seniors-services/active-ageing-centres/,105
E7D8A6BBADB7471494E2DA667DDCBAB9,PCS Cedar Tree AAC @Toh Yi 21,"21 Toh Yi Drive, #02-601, Singapore 590021",590021,1.338268,103.7719216,64634596,info@pcs.org.sg,"Mon - Fri: 8.30am - 12pm, 1pm - 6pm; Weekends &amp; public holidays: closed",https://pcs.org.sg/services/seniors-services/active-ageing-centres/,1522
ECFBA293531B4B3D89A4443D69B3804D,PCS Cedar Tree AAC(Care) @Potong Pasir 108,"108 Potong Pasir Avenue 1, 01-488, Singapore 350108",350108,1.3350245,103.8678461,60118299,cedar_pp_aac@pcs.org.sg,"Mon - Fri: 8.30am - 12pm, 1pm - 6pm; Weekends &amp; public holidays: closed",https://pcs.org.sg,95
BB3AAA325BF143A3A097F60F7E4BAF90,Precious Active Ageing Centre (Compassvale Ancilla),"279C Sengkang East Ave, #01-541, Singapore 543279",543279,1.3857214,103.8926603,63849711,compassvaleancilla@preciousaac.com,Mon - Fri: 8.30am - 6.00pm; Weekends &amp; public holidays: closed,https://www.preciousaac.com/,176
16882ADC24D441669BC5527AE70F98E2,Precious Active Ageing Centre (Fajar Spring),"454 Fajar Road, #01-582, Singapore 670454",670454,1.3846036,103.7713154,64976703,fajarspring@preciousaac.com,Mon - Fri: 8.30am - 6.00pm; Weekends &amp; public holidays: closed,https://www.preciousaac.com/,88
332D9E081D1942E295FA197C6870FFDC,Precious Active Ageing Centre (Punggol Emerald),"264A Punggol Way, #01-306, Singapore 821264",821264,1.4059347,103.8985708,64435363,punggolemerald@preciousaac.com,Mon - Fri: 8.30am - 6.00pm; Weekends &amp; public holidays: closed,https://www.preciousaac.com/,100
AE0BAD4DB4C54604A8679669C3B589CD,Precious Active Ageing Centre (Punggol Ripples),"211B Punggol Walk, #01-627, Singapore 822211",822211,1.4011211,103.8998282,64441053,punggolripples@preciousaac.com,Mon - Fri: 8.30am - 6.00pm; Weekends &amp; public holidays: closed,https://www.preciousaac.com/,83
927C7F15447140CD8FD57C4A8783CDB5,Precious Active Ageing Centre (SkyTerrace@Dawson),"93 Dawson Road, #01-02, Singapore 142093",142093,1.2949249,103.8119543,62094170,skyterracedawson@preciousaac.com,Mon - Fri: 8.30am - 6.00pm; Weekends &amp; public holidays: closed,https://www.preciousaac.com/,37
42F266D9D61D493DBED63A6FA3A99608,Precious Active Ageing Centre (Sunshine Gardens),"488B Choa Chu Kang Avenue 5, #01-145, Singapore 682488",682488,1.3770682,103.7393354,69127800,sunshinegardens@preciousaac.com,Mon - Fri: 8.30am - 6.00pm; Weekends &amp; public holidays: closed,https://www.preciousaac.com/,111
53331486DE7644A4A193C55B2F5E9821,Precious Active Ageing Centre (Tampines Greenwood),"868C Tampines Avenue 8, #01-560, Singapore 523868",523868,1.3566836,103.9335512,63845110,tampinesgreenwood@preciousaac.com,Mon - Fri: 8.30am - 6.00pm; Weekends &amp; public holidays: closed,https://www.preciousaac.com/,176
0917EC0861664A16BF26855DC19AD64A,Precious Active Ageing Centre (Treegrove@Woodlands),"887 Woodlands Drive 50, #01-01, Singapore 730887",730887,1.4377993,103.7948314,66845386,treegrovewoodlands@preciousaac.com,Mon - Fri: 8.30am - 6.00pm; Weekends &amp; public holidays: closed,https://www.preciousaac.com/,54
3480F302BF40462AAF7C4983DD4CF334,Precious Active Ageing Centre (Yishun Greenwalk),"317B Yishun Avenue 9, #01-284, Singapore 762317",762317,1.4341332,103.8428188,62009659,yishungreenwalk@preciousaac.com,Mon - Fri: 8.30am - 6.00pm; Weekends &amp; public holidays: closed,https://www.preciousaac.com/,48
34A05766EB4144B98942776A242942B4,REACH Senior Centre @ Bukit Batok (BB),"417 Bukit Batok West Avenue 4, #01-284, Singapore 650417",650417,1.3628802,103.7463401,92977508,senior@reach.org.sg,Mon - Wed &amp; Fri: 9.00am - 5.30pm; Thu: 1.30pm - 5.30pm; Weekends &amp; public holidays: closed,https://reach.org.sg/,54
647E2C5719A6444A956083F631EC675E,REACH Senior Centre @ Bukit Gombak Vista (BGV),"377A Bukit Batok Street 31, #01-24, Singapore 651377",651377,1.3594135,103.7502324,94310354,senior@reach.org.sg,Mon - Wed &amp; Fri: 9.00am - 5.30pm; Thu: 1.30pm - 5.30pm; Weekends &amp; public holidays: closed,https://reach.org.sg/,75
E236C7DF109148E082A3D635EDAAFC0F,REACH Senior Centre @ Jalan Membina (JM),"26B Jalan Membina, #01-188, Singapore 165026",165026,1.2831014,103.8255571,94310161,senior@reach.org.sg,Mon - Wed &amp; Fri: 9.00am - 5.30pm; Thu: 1.30pm - 5.30pm; Weekends &amp; public holidays: closed,https://reach.org.sg/,21
DEE6FB4FF6824AA2AACAC9AA41FFE07C,Ren Ci AAC (Care) @ Bukit Batok St. 52,"31 Bukit Batok Street 52, Renci @ Bukit Batok Street 52, Singapore 659251",659251,1.355001,103.7515945,66652005,bb_friends@renci.org.sg,Mon - Fri: 9.00am - 5.30pm; Weekends &amp; public holidays: closed (See notes),https://www.renci.org.sg/Our-Services/Nursing-Home/-Friends-Ren-Ci,32
0B8339F3914349AF9C0C2D4D7ECB4CAB,S3 Canopy,693 Jurong West Central 1 #01-90 Singapore 640693,640693,1.3428076,103.7062405,80665986,aac.boonlay@s3.org.sg,Mon - Fri: 8.30am - 5.30pm; Weekends and public holidays: closed,https://www.s3.org.sg/,88
AB16EC71375C49F88F4BD58119AA44AF,SASCO@Bedok Reservoir 724,"725 Bedok Reservoir Road, #01-5212, Singapore 470725",470725,1.3373134,103.9292652,87925140,info@sasco.org.sg,Mon-Fri 10am-4pm,www.sasco.org.sg,167
F4A9FB5934BA4F17A8F5CF5FBDB267B4,SASCO@Compassvale,"274B Compassvale Bow, Compassvale Helm, #01-521, Singapore 542274",542274,1.352083,103.819836,87781474,cvaac@sasco.org.sg,Mon - Fri: 8.30am - 5.30pm; Weekends and public holidays: closed,https://www.sasco.org.sg,111
43CAF83D97604F7C9B484D12A77FB37C,SASCO@Compassvale - Branch,"274C Compassvale Bow, Compassvale Helm, #01-509, Singapore 543274",543274,1.352083,103.819836,87781474,cvaac@sasco.org.sg,Mon - Fri: 8.30am - 5.30pm; Weekends and public holidays: closed,https://www.sasco.org.sg,0
CB3DB0D915D541A9B0390EAA56256396,SASCO@Khatib,"813 Yishun Ring Road, #01-01, Singapore 760813",760813,1.4178257,103.832664,98349450,ktaac@sasco.org.sg,Mon - Fri: 8.30am - 5.30pm; Weekends &amp; public holidays: closed,https://www.sasco.org.sg,1488
BF915A474BA74929A1E858972260ABD4,SASCO@WestCoast,"704 West Coast Road, #01-431, Singapore 120704",120704,1.30658086,103.760563,98389974,wcaac@sasco.org.sg,Mon - Fri: 8.30am - 5.30pm; Weekends &amp; public holidays: closed,https://sasco.org.sg/our-services/,1175
89EF8CFAC7C144D2B21B8AA416D01AE3,SNM AAC (Care)@Woodlands,"861 Woodlands Street 83, 01-170, Singapore 730861",730861,1.4395324,103.7951161,69559539,friends@snm.org.sg,Mon - Fri: 9.00am - 5.30pm; Weekends &amp; public holidays: closed,https://sreenarayanamission.org/our-services/senior-care-centre/,131
1D07817142B643A0A7432F83A94904BC,SNM AAC@ Race Course,"394 Race Course Road, Singapore 218649",218649,1.3152575,103.8573558,69559555,snmcp@snm.org.sg,Mon - Fri: 9.00am - 6.00pm; Sat: 9.00am - 1.00pm; Sun &amp; public holidays: closed,https://sreenarayanamission.org/,782
234495B5A8B44C33954406768969BB38,Sheng Hong Active Ageing Centre (Care) @ Sennett,"175 MacPherson Road, Singapore 348537",348537,1.3302394,103.874533,62390933,aah@shenghong.org.sg,Mon - Fri: 9.00am - 6.00pm; Sat: 9.00am - 1.00pm; Sun &amp; public holidays: closed,http://shenghong.org.sg,2100
3C78ED10C26243E785503197E262B98C,St Luke's ElderCare Active Ageing Centre (Care) @ Anchorvale,"353 Anchorvale Lane, #01-01, Singapore 540353",540353,1.3926179,103.8855491,86851462,achactiveageing@slec.org.sg,Mon - Fri: 9.00am - 6.00pm; Weekends &amp; public holidays: closed,https://www.slec.org.sg/,115
67E542F992C94F9EAFACEF841580C21E,St Luke's ElderCare Active Ageing Centre (Care) @ Ayer Rajah,"150A Pandan Gardens, #01-01, Singapore 609342",609342,1.3213054,103.7476497,80214270,arcactiveageing@slec.org.sg,Mon - Fri: 9.00am - 6.00pm; Weekends &amp; public holidays: closed,http://www.slec.org.sg,707
A67066A31FFE47EC822B738173000BDC,St Luke's ElderCare Active Ageing Centre (Care) @ Bishan,"152B Bishan Street 11, Golden Jasmine, 01-271, Singapore 572152",572152,1.3455588,103.8540993,98472243,bshactiveageing@slec.org.sg,Mon - Fri: 9.00am - 6.00pm; Weekends &amp; public holidays: closed,https://www.slec.org.sg/,97
3C66B68AE51745ED90FD7398222E2EE5,St Luke's ElderCare Active Ageing Centre (Care) @ Bukit Timah,"310 Clementi Avenue 4, #01-263, Singapore 120310",120310,1.3202827,103.7659757,80215143,btcactiveageing@slec.org.sg,Mon - Fri: 9.00am - 6.00pm; Weekends &amp; public holidays: closed,https://www.slec.org.sg/,1032
C957BAE96CAD46A6A57E12FF8CA8B5DD,St Luke's ElderCare Active Ageing Centre (Care) @ Changkat,"350 Tampines Street 33, #01-438, Singapore 520350",520350,1.3537799,103.9627127,80213130,ckcactiveageing@slec.org.sg,Mon - Fri: 9.00am - 6.00pm; Weekends &amp; public holidays: closed,https://www.slec.org.sg/,79
0688C747B5AA4AEC951DCA9A35990237,St Luke's ElderCare Active Ageing Centre (Care) @ Clementi,"602 Clementi West Street 1, #01-25, Singapore 120602",120602,1.305058,103.766304,80217902,cmcactiveageing@slec.org.sg,Mon - Fri: 9.00am - 6.00pm; Weekends &amp; public holidays: closed,https://www.slec.org.sg/,288
D8752AF721914251B9D4EBF3A1DE146D,St Luke's ElderCare Active Ageing Centre (Care) @ Golden Years,"831 Hougang Central, #01-502, Singapore 530831",530831,1.3715566,103.8901428,80214269,gycactiveageing@slec.org.sg,Mon - Fri: 9.00am - 6.00pm; Weekends &amp; public holidays: closed,https://www.slec.org.sg/,344
8EBCD91E333E4532AC25CD285F9F5F1E,St Luke's ElderCare Active Ageing Centre (Care) @ Hougang,"126 Hougang Avenue 1, #01-1506, Singapore 530126",530126,1.352581,103.8856321,80213979,hgcactiveageing@slec.org.sg,Mon - Fri: 9.00am - 6.00pm; Weekends &amp; public holidays: closed,https://www.slec.org.sg/,899
327048433BB341DEA799316801AB0B8A,St Luke's ElderCare Active Ageing Centre (Care) @ Nee Soon Central,"766 Yishun Avenue 3, #01-295, Singapore 760766",760766,1.4247399,103.833778,80212721,nscactiveageing@slec.org.sg​,Mon - Fri: 9.00am - 6.00pm; Weekends &amp; public holidays: closed,https://www.slec.org.sg/,41
59329FDB46E549D2A2462E8195E3089F,St Luke's ElderCare Active Ageing Centre (Care) @ Nee Soon East,"260 Yishun Street 22, #01-97, Singapore 760260",760260,1.4354401,103.8390357,80212717,nseactiveageing@slec.org.sgâ€‹,Mon - Fri: 9.00am - 6.00pm; Weekends &amp; public holidays: closed,https://www.slec.org.sg/,139
A411EAFB4C3045D0A430C0A3AF121F29,St Luke's ElderCare Active Ageing Centre (Care) @ Northshore,"417 Northshore Drive, #01-02/03, Singapore 820417",820417,1.4189548,103.9029459,86850772,nshactiveageing@slec.org.sg,Mon - Fri: 9.00am - 6.00pm; Weekends &amp; public holidays: closed,https://www.slec.org.sg/,359
93ABD1AEDE034B7C83FB9B55F7C16EF3,St Luke's ElderCare Active Ageing Centre @ Jurong East,"207 Jurong East Street 21, #01-197, Singapore 600207",600207,1.337987,103.7424516,9746 3101,jeaactiveageing@slec.org.sg,"Monday to Friday, 9:00AM - 5:00PM",https://www.slec.org.sg/our-services/community-based-services/active-ageing/,97
0D66B5A3F9E44B19AB90C2D9CA5B7546,St Luke's Eldercare Active Ageing Centre (Care) @ Chong Pang,"113 Yishun Ring Road, #01-457, Singapore 760113",760113,1.4344536,103.8286575,80215194,cpcactiveageing@slec.org.sg,Mon - Fri: 8.30am - 5.30pm; Weekends &amp; public holidays: closed,https://www.slec.org.sg/,29
CA0D8789FB644D0C931813D014F48546,St. Andrew's Active Ageing Centre (Bedok North),"223 Bedok North Drive, 04-01, Singapore 460223",460223,1.3241245,103.9278582,63200517,sasc_bedoknorth@sasc.org.sg,Mon - Fri: 8.30am - 6.00pm; Weekends &amp; public holidays: closed,https://www.samh.org.sg/st-andrews-senior-care/,51
70CE4585A849445F92DE14BACEEC7593,St. Andrew's Active Ageing Centre (Bedok South),"152A Bedok South Road, 02-01, Singapore 461152",461152,1.3180002,103.947786,63200516,sasc_bedoksouth@sasc.org.sg,Mon - Fri: 8.30am - 6.00pm; Weekends &amp; public holidays: closed,https://www.samh.org.sg/st-andrews-senior-care/,2435
5AF9B61B253541C0AD625CAD7FD406BF,St. Andrew's Active Ageing Centre (Dover),"4 Dover Road, Dover Court, Singapore 130004",130004,1.3034321,103.7831183,98209109,sasc_dover@sasc.org.sg,Mon - Fri: 9.00am - 6.00pm; Sat: 9.00am - 1.00pm; Sun &amp; public holidays: closed,https://www.samh.org.sg/st-andrews-senior-care/,979
261779C7D060400C9E311266B78370A5,St. Andrew's Active Ageing Centre (Dover) - Branch,"2 Dover Road, #01-340/342, Singapore 130002",130002,1.303711968,103.7840652,9820 9109,aac_dover@sasc.org.sg,Mon - Fri: 8.30am - 6.00pm; Sat: 8.30am - 1.00pm (See notes),https://www.sach.org.sg/,0
DEEB33C417B843F19F9617BE093CF610,St. Andrew's Active Ageing Centre (Havelock),"51 Havelock Road, Havelock View, #01-25, Singapore 161051",161051,1.2898359,103.8278754,66940967,asc_havelock@sacs.org.sg,Mon - Fri: 9.00am - 5.00pm; Weekends &amp; public holidays: closed,https://sacs.org.sg/,23
7A08E0F0707E4F9185A0CD0496AADB4D,St. Andrew's Active Ageing Centre (Jurong West),"499 Jurong West Street 41, #01-812, Singapore 640499",640499,1.3485659,103.7254607,65630343,asc_jurongwest@sacs.org.sg,Mon - Fri: 9.00am - 4.00pm; Weekends &amp; public holidays: closed,https://sacs.org.sg/,46
896690EFEF8A45149AF159DFAFCABA96,St. Andrew's Active Ageing Centre (Peace Connect @8),"8 North Bridge Road, #01-4102, Singapore 190008",190008,1.3046568,103.863941,63920460,pecco_aac@sacs.org.sg,Mon - Fri: 9.00am - 5.00pm; Weekends &amp; public holidays: closed,https://sacs.org.sg/,645
B9EF0EFA7E62474AAF8C5414B3825DBE,St. Andrew's Active Ageing Centre (Tampines Changkat),"117 Tampines Street 11, Golden Carnation, #01-516, Singapore 521117",521117,25.9644427,85.2722472,65883536,asc_tampines@sacs.org.sg,Mon - Fri: 9.00am - 5.00pm; Weekends &amp; public holidays: closed,https://sacs.org.sg/,61
98C925FE96F341D699625F5CC0EDD3BE,St. Andrew's Active Ageing Centre (Woodlands),"572A Woodlands Avenue 1, #01-800, Singapore 731572",731572,1.4310844,103.7894811,69571745,asc_woodlands@sacs.org.sg,Mon - Fri: 9.00am - 5.00pm; Weekends &amp; public holidays: closed,https://sacs.org.sg/,73
B2D13800ADB0402CB86EEB255286E5A7,St. Andrew's Active Ageing Centre (Yishun),"426A Yishun Ave 11, #01-74, Singapore 761426",761426,1.4230623,103.8462772,62572588,asc_yishun@sacs.org.sg,Mon - Fri: 9.00am - 5.00pm; Weekends and public holidays: close,https://sacs.org.sg/,152
68C34D3CC72C44CB9FDE151C3B569892,St. Andrew's Active Ageing Centre (Yishun) - Branch,"398 Yishun Ring Rd, #01-1725, Singapore 760398",760398,1.4277137,103.8465659,62572588,aac_yishun@sacs.org.sg,Mon - Fri: 9.00am - 5.00pm; Weekends and public holidays: closed,https://sacs.org.sg/,0
ABC04E1327404FBA821DEFDA1CD089F1,St.Andrew's Active Ageing Centre (Peace Connect @5),"5 Beach Road, #02-4943, Singapore 190005",190005,1.3043607,103.864816,62914156,pecco_aac@sacs.org.sg,Mon - Fri: 8.30am - 6.00pm; Weekends &amp; public holidays: closed,https://sacs.org.sg/,84
ED512885C1A644F593A80749FCDA45C0,Sunlove Active Ageing Centre (Care) @ Ang Mo Kio,"557 Ang Mo Kio Avenue 10, #01-1874, Singapore 560557",560557,1.3716511,103.8577291,64521422,angmokioscc@sunlove.org.sg,Mon - Fri: 8.00am - 5.00pm; Sat: 8.00am - 12.00pm; Sun &amp; public holidays: closed,www.sunlove.org.sg,32
0D8A07553A7A412C8C49BB382AFD3790,Sunlove Active Ageing Centre @ Chai Chee,"31 Chai Chee Avenue, #01-150, Singapore 461031",461031,1.3242752,103.9248649,68760153,chaicheeaac@sunlove.org.sg,Mon - Fri: 8.00am - 5.00pm; Weekends and public holidays: closed,https://sunlove.org.sg/senior-activity-centre-sac/,45
8EEF93D886CC48C19D91F1A4C03830DF,Sunlove Active Ageing Centre @ Depot Heights,"102A Depot Road, #01-659, Singapore 101102",101102,1.2802042,103.8132769,62520018,depotheightsaac@sunlove.org.sg,Mon - Fri: 8.00am - 5.00pm; Weekends and public holidays: closed,https://sunlove.org.sg/senior-activity-centre-sac/,100
6C2126C0C51F4CD78EFB090C12D42595,Sunlove Active Ageing Centre @ Golden Saffron,"764B Woodlands Circle, #01-208, Singapore 732764",732764,1.4451918,103.7975525,64622032,goldensaffronaac@sunlove.org.sg,Mon - Fri: 8.00am - 5.00pm; Weekends and public holidays: closed,https://sunlove.org.sg/senior-activity-centre-sac/,218
D05CEEBDE99C4441A3C240D40ED707AA,Sunlove Active Ageing Centre @ Marsiling,"3 Marsiling Road, #01-5137, Singapore 730003",730003,1.439397,103.7764911,63676615,marsilingaac@sunlove.org.sg,Mon - Fri: 8.00am - 5.00pm; Weekends and public holidays: closed,https://sunlove.org.sg/senior-activity-centre-sac/,37
B43AE43358034366BA0921FBEA0BAB73,Sunlove Active Ageing Centre @ Serangoon,"468 Hougang Avenue 8, #01-1510, Singapore 530468",530468,1.3737758,103.8972385,69701269,serangoonaac@sunlove.org.sg,Mon - Fri: 8.00am - 5.00pm; Weekends and public holidays: closed,https://sunlove.org.sg/senior-activity-centre-sac/,79
70439FCA81E547F1A3E9DAB7EA11BE48,Sunlove Active Ageing Centre @ Whampoa Dew,"78 Lorong Limau, #01-79, Singapore 320078",320078,1.3248931,103.8556805,69256370,whampoadewaac@sunlove.org.sg,Mon - Fri: 8.00am - 5.00pm; Weekends and public holidays: closed,https://sunlove.org.sg/senior-activity-centre-sac/,3509
70DA449F902C47D38F82941D2A969D4A,THK AAC @ AMK 208,"208 Ang Mo Kio Avenue 1, #01-1019, Singapore 560208",560208,1.3650254,103.8427329,64562611,AAC.AMK208@thkmc.org.sg,Mon - Fri: 8.30am - 5.30pm; Sat: 8.30am - 12.30pm; Sun &amp; public holidays: closed,https://www.thkmc.org.sg/for-the-seniors/thk-active-ageing-centres/,58
83496476B6E3471EA154F36262B34159,THK AAC @ AMK 257,"257 Ang Mo Kio Avenue 4, #01-67, Singapore 560257",560257,1.3701936,103.835777,64599139,aac.amk257@thkmc.org.sg,Mon - Fri: 8.30am - 5.30pm; Sat: 8.30am - 12.30pm; Sun &amp; public holidays: closed,https://www.thkmc.org.sg/services_detail/thk-aac-sac/,222
46D7DAE84B31498DA8446596803BF5B4,THK AAC @ AMK 645,"645 Ang Mo Kio Avenue 6, #01-4937, Singapore 560645",560645,1.3792449,103.8422318,65547298,aac.amk645@thkmc.org.sg,Mon - Fri: 8.30am - 5.30pm; Sat: 8.30am - 12.30pm; Sun &amp; public holidays: closed,https://www.thkmc.org.sg/for-the-seniors/thk-active-ageing-centres/,65
9E365F8BB7C84DA6996FBEDFE9AFA10A,THK AAC @ Bedok,"12 Bedok South Avenue 2, #01-610, Singapore 460012",460012,1.3211198,103.9368937,62422483,aac.bedok@thkmc.org.sg,Mon - Fri: 8.30am - 5.30pm; Sat: 8.30am - 12.30pm; Sun &amp; public holidays: closed,https://www.thkmc.org.sg/for-the-seniors/thk-active-ageing-centres/,462
6890910F02F643C9988AD53ED4161DA1,THK AAC @ Beo Crescent,"44 Beo Crescent, The Beo Crescent, #01-67, Singapore 160044",160044,1.2889112,103.8264942,63763024,AAC.BC44@thkmc.org.sg,Mon - Fri: 9.00am - 6.00pm; Sat: 9.00am - 1.00pm; Sun &amp; public holidays: closed,https://www.thkmc.org.sg/for-the-seniors/thk-active-ageing-centres/,1449
D6364CEB587E437F8E36DBCC0E7464DE,THK AAC @ Boon Lay,"190 Boon Lay Drive, #01-242, Singapore 640190",640190,1.34527,103.7120871,62643455,aac.boonlay@thkmc.org.sg,Mon - Fri: 8.30am - 5.30pm; Sat: 8.30am - 12.30pm; Sun &amp; public holidays: closed,https://www.thkmc.org.sg/for-the-seniors/thk-active-ageing-centres/,71
DC35A024DD22422899089B345CD89D7E,THK AAC @ Bukit Batok,"235 Bukit Batok East Avenue 5, Gombak Gardens, #01-21, Singapore 650235",650235,1.3486082,103.7561757,65665303,AAC.BukitBatok@thkmc.org.sg,Mon - Fri: 8.30am - 5.30pm; Sat: 8.30am - 12.30pm; Sun &amp; public holidays: closed,https://www.thkmc.org.sg/for-the-seniors/thk-active-ageing-centres/,42
CA77887283E54FA9A13E2FE37CAF6F0A,THK AAC @ Bukit Merah View,"118 Bukit Merah View, #02-101, Singapore 150118",150118,1.2840608,103.82107,62764761,aac.bmv118@thkmc.org.sg,Mon - Fri: 8.30am - 5.30pm; Sat: 8.30am -12.30pm,https://www.thkmc.org.sg/for-the-seniors/thk-active-ageing-centres/,33
71C188841BD043E19DF56AE5D0591C34,THK AAC @ Cassia,"52 Cassia Crecent, #01-155, Singapore 390052",390052,1.3106914,103.885171,69172849,chuamuilian@thkmc.org.sg,Mon - Fri: 8.30am - 5.30pm; Sat: 8.30am - 12.30pm; Sun &amp; public holidays: closed,https://www.thkmc.org.sg/for-the-seniors/thk-active-ageing-centres/,963
1E92C804981C4231B619CF4B10591F89,THK AAC @ Chong Pang,"131 Yishun Street 11, #01-237, Singapore 760131",760131,1.4331759,103.8314759,83686288,AAC.chongpang@thkmc.org.sg,Mon - Fri: 8.30am - 5.30pm; Sat: 8.30am - 12.30pm; Sun &amp; public holidays: closed,https://www.thkmc.org.sg/for-the-seniors/thk-active-ageing-centres/,73
506A2763F4D44E82BD05E55EE8B4DA2B,THK AAC @ Fengshan 101,"101 Bedok North Avenue 4, #01-1958, Singapore 460101",460101,1.3344559,103.9379194,62082653,thksacfengshan101@thkmc.org.sg,Mon - Fri: 8.30am - 5.30pm; Sat: 8.30am - 12.30pm; Sun &amp; public holidays: closed,https://www.thkmc.org.sg/for-the-seniors/thk-active-ageing-centres/,33
739F86339C29468C909B6881E9EAAD18,THK AAC @ Fengshan 114,"114 Bedok North Street 2, #01-240, Singapore 460114",460114,1.3304835,103.9358082,62456993,thksacfengshan114@thkmc.org.sg,Mon - Fri: 8.30am - 5.30pm; Sat: 8.30am - 12.30pm; Sun &amp; public holidays: closed,https://www.thkmc.org.sg/for-the-seniors/thk-active-ageing-centres/,30
32162C2121E0493591A6DF778A58C398,THK AAC @ Indus 79,"79 Indus Road, #01-451, Singapore 161079",161079,1.2910272,103.8284646,62763283,AAC.Indus79@thkmc.org.sg,Mon - Fri: 8.30am - 5.30pm; Sat: 8.30am - 12.30pm; Sun &amp; public holidays: closed,https://www.thkmc.org.sg/for-the-seniors/thk-active-ageing-centres/,179
904C3A186B3D4E4E8C1371B36D87C55A,THK AAC @ Kaki Bukit,"509B Bedok North Street 3, #02-157, Singapore 462509",462509,1.3337015,103.9304548,62416691,aac.kkb@thkmc.org.sg,Mon - Fri: 8.30am - 5.30pm; Sat: 8.30am - 12.30pm; Sun &amp; public holidays: closed,https://www.thkmc.org.sg/for-the-seniors/thk-active-ageing-centres/,42
B081F8BD2CCC4DB08A8831358C4EEABB,THK AAC @ MacPherson,"90 Pipit Road, #01-103, Singapore 370090",370090,1.3233406,103.8865256,67456696,AAC.Macpherson@thkmc.org.sg,Mon - Fri: 8.30am - 5.30pm; Sat: 8.30am - 12.30pm; Sun &amp; public holidays: closed,https://www.thkmc.org.sg/for-the-seniors/thk-active-ageing-centres/,26
B60CAA29E9B64366AF77779932559B2F,THK AAC @ MacPherson - Branch,"93 Paya Lebar Way, #01-3057, Singapore 370093",370093,1.3228374,103.888326,67456696,AAC.Macpherson@thkmc.org.sg,Mon - Fri: 8:30am - 5:30pm; Sat: 8:30am - 12:30pm; Sun and public holidays: closed,https://www.thkmc.org.sg/for-the-seniors/thk-active-ageing-centres/,0
C34625B579424B038A0909C5084B2832,THK AAC @ Taman Jurong,"337 Tah Ching Road, #01-01, Singapore 610337",610337,1.3378902,103.7232543,67951185,aac.tamanjurong@thkmc.org.sg,"Mon &amp; Thu: 8.30am - 8.30pm; Tue, Wed &amp; Fri: 8.30am - 5.30pm; Sat: 8.30am - 12.30pm; Sun &amp; public holidays: closed",https://www.thkmc.org.sg/for-the-seniors/thk-active-ageing-centres/,369
5CB9C0ACD10D4A3D93FF0900B2273569,THK AAC @ Telok Blangah Cres - Branch,"4 Telok Blangah Crescent, #01-460, Singapore 090004",090004,1.278761,103.8185098,62761216,aac.tbc3@thkmc.org.sg,Mon - Fri: 8:30am - 5:30pm; Sat: 8:30am - 12:30pm; Sun and public holidays: closed,https://www.thkmc.org.sg/for-the-seniors/thk-active-ageing-centres/,0
7B842DDFE91D4F9EAB14A3ED9F3FE871,THK AAC @ Telok Blangah Crescent,"3 Telok Blangah Crescent, #01-504, Singapore 090003",090003,1.2786682,103.8175209,62761216,lohsohwah@thkmc.org.sg,Mon - Fri: 8.30am - 5.30pm; Sat: 8.30am - 12.30pm; Sun &amp; public holidays: closed,https://www.thkmc.org.sg/for-the-seniors/thk-active-ageing-centres/,38
829AD14CF189477D9B8693772BED3902,THK AAC @ Toa Payoh 15,"15 Toa Payoh Lorong 7, #01-579, Singapore 310015",310015,1.3359313,103.8590451,62516504,AAC.TP15@thkmc.org.sg,Mon - Fri: 8.30am - 5.30pm; Sat: 8.30am - 12.30pm; Sun &amp; public holidays: closed,https://www.thkmc.org.sg/services_detail/thk-aac-sac/,66
1819ABEF44994E0DB83CE5B0D57C9027,TOUCHpoint @Yishun 148,"148 Yishun Street 11, #01-103, Singapore 760148",760148,1.432714212,103.8341945,62570540,enabled.yishun162@touch.org.sg,Mon - Fri: 8.00am - 5.00pm; Weekends &amp; public holidays: closed,https://www.touch.org.sg/about-touch/our-services/touch-active-ageing-homepage,0
4B44868DDDC14375A63EE9F3FD6DCFB1,TOUCHpoint@AMK 433,"433 Ang Mo Kio Avenue 10, #01-1415, Singapore 560433",560433,1.3680983,103.8543502,68046568,enabled.amk@touch.org.sg,Mon - Fri: 9am - 5pm; Weekends &amp; public holidays: closed,https://www.touch.org.sg/about-touch/our-services/touch-active-ageing-homepage,37
0FAB495960EA487E98CDB4D3BA953D14,TOUCHpoint@Geylang Bahru,"61 Geylang Bahru, #01-3293, Singapore 330061",330061,1.3224379,103.8694845,62975818,enabled.geylangbahru@touch.org.sg,Mon - Fri: 8.00am - 5.00pm; Weekends and public holidays: closed,https://www.touch.org.sg/about-touch/our-services/touch-active-ageing-homepage,164
23476A18957446898649FE18FADEC2C2,TOUCHpoint@Geylang Bahru - Branch,"62 Geylang Bahru, #01-3365, Singapore 330062",330062,1.3218426,103.8684368,62975818,enabled.geylangbahru@touch.org.sg,Mon - Fri: 8.00am - 5.00pm; Weekends and public holidays: closed,https://www.touch.org.sg/about-touch/our-services/touch-active-ageing-homepage,0
CA49BBF32B614475BBD998CFEC28A968,TOUCHpoint@Sembawang 335,335 Sembawang Close #01-469 Singapore 750335,750335,1.4471154,103.8148981,60546880,enabled.sembawang@touch.org.sg,"Monday to Friday, 8:00AM - 5:00PM",www.touch.org.sg,259
7D57D7E51E754D039742E8DEB075B9FE,TOUCHpoint@Wellington 513,"513 Wellington Circle, Wellington Vale, #01-34, Singapore 750513",750513,1.4541884,103.820057,64818232,enabled.wellington@touch.org.sg,Mon - Fri: 8.00am - 5.00pm; Weekends &amp; public holidays: closed,https://www.touch.org.sg/about-touch/our-services/touch-active-ageing-homepage,462
9935BB476B694FF385FB191F3FE6519D,TOUCHpoint@Yishun 162,"162 Yishun Street 11, #01-270, Singapore 760162",760162,1.4330003,103.8324267,62570540,enabled.yishun162@touch.org.sg,Mon - Fri: 8.00am - 5.00pm; Weekends &amp; public holidays: closed,https://www.touch.org.sg/about-touch/our-services/touch-active-ageing-homepage,34
FBE57513CE814CD1922CC34FAA17F9FE,TOUCHpoint@Yishun 436,"436 Yishun Avenue 11, #01-224, Singapore 760436",760436,1.4214339,103.8461617,64814158,enabled.yishun436@touch.org.sg,Mon - Fri: 8.00am - 5.00pm; Weekends &amp; public holidays: closed,https://www.touch.org.sg/about-touch/our-services/touch-active-ageing-homepage,411
6C3CB338493E4C278002015028E9C3A9,TRANS FOCUS Active Ageing Centre,"3 Toh Yi Drive, Toh Yi Gardens, #01-189, Singapore 590003",590003,1.3388013,103.7752556,64678191,transfocus@trans org.sg,Mon - Fri: 9.00am - 5.00pm; Weekends &amp; public holidays: closed,https://www.trans.org.sg,1015
6BA96B56CC6644AB8A355114A411FD23,The Salvation Army Peacehaven Bedok Arena,"187 Bedok North Street 4, #01-02, Singapore 460187",460187,1.3309496,103.9399697,65819225,bedok.aac@smm.salvationarmy.org,Mon - Fri: 7am - 7pm; Sat: 8.30am - 12.30pm; Sun &amp; public holidays: closed,https://www.salvationarmy.org.sg/,1502
E856FC661E1B47008C7F843C9626E26A,Thong Kheng Active Ageing Centre (Queenstown),"3 Jalan Bukit Merah, #01-5070, Singapore 150003",150003,1.2865156,103.8068814,62783966,aac@thongkheng.org.sg,Mon - Fri: 8.30am - 5.00pm; Sat: 9.00am -12.30pm; Sun &amp; public holidays: closed,https://thongkheng.org,143
E6F05D0158FC496AA8756E23DFAD0667,Tzu Chi SEEN @ Bukit Batok,"230A Bukit Batok Street 21, #02-423, Singapore 651230",651230,1.34731,103.7557866,63559066,sac@tzuchi.org.sg,Mon - Fri: 8.30am - 5.30pm; Sat: 8.30am - 12.30pm; Sun &amp; public holidays: closed,https://www.tzuchi.org.sg/en/our-missions/medicine/seniors-engagement-and-enabling-node-seen/,57
5826D371031C4E5F8B7B6CCE74F9263C,Tzu Chi SEEN@Nanyang,"712B Jurong West Street 71, #01-203, Singapore 642712",642712,1.3422292,103.6964551,63559068,sac@tzuchi.org.sg,Mon-Fri: 8.30am - 5.30pm; Sat: 8.30am - 12.30pm; Sun &amp; public holidays: closed,https://www.tzuchi.org.sg/en/news-and-stories/local-news/active-aging-starts-with-seen/,35
88DB12FDBB8C497AB14CEC14EA936FA6,Vanguard AAC Senja @ 3G Wellness Centre,"101 Bukit Panjang Road, Singapore 679910",679910,1.3815795,103.7646826,91762060,aac_senja@vanguardhealthcare.com.sg,Mon - Fri: 8.30am - 6.00pm; Weekends and public holidays: closed,https://www.vanguardhealthcare.com.sg,38
CEE9806A713745099250E72A7F9F0CEF,Vanguard Active Ageing Centre @ Elias Road,"93 Pasir Ris Drive 3, Singapore 519498",519498,1.379195726,103.9427098,9236 2429,community.support@vanguardhealthcare.com.sg,Please contact service provider for operating hours.,https://www.vanguardhealthcare.com.sg,846
E6A2BD4CC7F34980A131DFE8B0BE41A8,Vanguard Active Ageing Centre @ Woodlands Crescent,779 Woodlands Crescent #01-72 Singapore 730779,730779,1.4476386,103.8004802,80281631,aac_woodlands@vanguardhealthcare.com.sg,Mon - Fri: 8.30am - 6.00pm; Weekends and public holidays: closed,https://wwww.vanguardhealthcare.com.sg,234
